Бренд;Модель;Год;Цена;URL;ПТС;Владельцы;Розыск;Ограничения;Город;Двигатель;Мощность;Коробка передач;Привод;Пробег;Руль;Поколение;Цвет;Тип кузова;Комплектация;Особые отметки;VIN;
Audi;A6;2007;820000;https://auto.drom.ru/nizhniy-novgorod/audi/a6/803751407.html;Характеристики совпадают с ПТС;4 записи о регистрации;Не числится в розыске;Ограничений не обнаружено;Нижнем Новгороде;бензин, 3.1 л;249 л.с., налог;АКПП;4WD;290 000 км;левый;3 поколение;серебристый;седан;3.2 FSI tiptronic quattro;;;
Audi;A6;2007;1050000;https://auto.drom.ru/moscow/audi/a6/53597929.html;Характеристики совпадают с ПТС;9 записей о регистрации;Не числится в розыске;Ограничений не обнаружено;Москве;бензин, 3.1 л;255 л.с., налог;АКПП;4WD;240 000 км;левый;3 поколение;черный;универсал;3.2 FSI Tiptronic quattro;;;
Audi;A6;2007;880000;https://auto.drom.ru/domodedovo/audi/a6/52715069.html;Характеристики совпадают с ПТС;4 записи о регистрации;Не числится в розыске;Ограничений не обнаружено;Домодедово;бензин, 2.4 л;177 л.с., налог;вариатор;передний;280 000 км;левый;3 поколение;черный;седан;2.4 multitronic;;;
Audi;Q7;2007;1190000;https://auto.drom.ru/moscow/audi/q7/53927653.html;;;;;Москве;бензин, 3.6 л;280 л.с., налог;АКПП;4WD;210 000 км;левый;1 поколение;черный;;;;;
Audi;A4;2007;740000;https://auto.drom.ru/moscow/audi/a4/53918457.html;Характеристики совпадают с ПТС;6 записей о регистрации;Не числится в розыске;Есть ограничения;Москве;дизель, 2.0 л;140 л.с., налог;вариатор;передний;217 000 км;левый;3 поколение;черный;универсал;2.0 TDI Multitronic;;;
Audi;A8;2007;850000;https://auto.drom.ru/volzhskiy/audi/a8/51030162.html;Характеристики совпадают с ПТС;6 записей о регистрации;Не числится в розыске;Есть ограничения;Волжском;бензин, 3.1 л;260 л.с., налог;АКПП;4WD;200 000 км;левый;2 поколение, 2 рестайлинг;черный;;3.2 FSI Tiptronic quattro;;;
Audi;A6 allroad quattro;2007;1250000;https://auto.drom.ru/elets/audi/a6_allroad_quattro/751887707.html;Характеристики совпадают с ПТС;3 записи о регистрации;Не числится в розыске;Ограничений не обнаружено;Ельце;дизель, 3.0 л;233 л.с., налог;АКПП;4WD;250 000 км;левый;2 поколение;бежевый;;3.0 TDI Tiptronic quattro;;;
Audi;TT;2007;1300000;https://auto.drom.ru/moscow/audi/tt/683300940.html;Год не совпадает с ПТС;8 записей о регистрации;Не числится в розыске;Ограничений не обнаружено;Москве;бензин, 2.0 л;200 л.с., налог;робот;передний;200 000 км;левый;2 поколение;;хэтчбек 3 дв.;2.0 TFSI S Tronic;;;
Audi;Q7;2007;1130000;https://auto.drom.ru/moscow/audi/q7/397882145.html;;;;;Москве;бензин, 3.6 л;280 л.с., налог;АКПП;4WD;180 000 км;левый;1 поколение;черный;;;;;
Audi;Q7;2008;1049000;https://auto.drom.ru/spb/audi/q7/52948658.html;Характеристики совпадают с ПТС;1 запись о регистрации;Не числится в розыске;Ограничений не обнаружено;Санкт-Петербурге;бензин, 3.6 л;280 л.с., налог;АКПП;4WD;354 539 км;левый;1 поколение;серый;;;;;
Audi;Q7;2008;1600000;https://auto.drom.ru/kazan/audi/q7/53854392.html;Характеристики совпадают с ПТС;2 записи о регистрации;Не числится в розыске;Ограничений не обнаружено;Казани;бензин, 4.2 л;350 л.с., налог;АКПП;4WD;142 785 км;левый;1 поколение;белый;;;;;
Audi;S5;2008;1200000;https://auto.drom.ru/lobnya/audi/s5/53481468.html;Характеристики совпадают с ПТС;7 записей о регистрации;Не числится в розыске;Ограничений не обнаружено;Лобне;бензин, 4.2 л;354 л.с., налог;АКПП;4WD;250 000 км;левый;1 поколение;серый;купе;4.2 FSI quattro tiptronic;;;
Audi;A4;2008;900000;https://auto.drom.ru/ulyanovsk/audi/a4/42929629.html;Характеристики совпадают с ПТС;7 записей о регистрации;Не числится в розыске;Ограничений не обнаружено;Ульяновске;бензин, 2.0 л;211 л.с., налог;вариатор;передний;200 000 км;левый;4 поколение;серый;седан;2.0 TFSI Multitronic;;;
Audi;A4;2008;1350000;https://auto.drom.ru/moscow/audi/a4/53838789.html;Характеристики совпадают с ПТС;1 запись о регистрации;Не числится в розыске;Ограничений не обнаружено;Москве;бензин, 1.8 л;160 л.с., налог;вариатор;передний;107 000 км;правый;4 поколение;белый;седан;1.8 TFSI Sport Package;;;
Audi;Q7;2008;1081199;https://auto.drom.ru/moscow/audi/q7/794591738.html;;;;;Москве;бензин, 4.2 л;350 л.с., налог;АКПП;4WD;237 000 км;левый;1 поколение;черный;;4.2 FSI quattro tiptronic;;;
Audi;A5;2008;920000;https://auto.drom.ru/nizhniy-novgorod/audi/a5/655311357.html;Характеристики совпадают с ПТС;13 записей о регистрации;Не числится в розыске;Ограничений не обнаружено;Нижнем Новгороде;бензин, 1.8 л;170 л.с., налог;вариатор;передний;266 205 км;левый;1 поколение;;купе;1.8 TFSI Multitronic;;;
Audi;S5;2008;1080000;https://auto.drom.ru/moscow/audi/s5/53416371.html;Характеристики совпадают с ПТС;11 записей о регистрации;Не числится в розыске;Ограничений не обнаружено;Москве;бензин, 4.2 л;354 л.с., налог;АКПП;4WD;222 323 км;левый;1 поколение;серый;купе;4.2 FSI quattro tiptronic;;;
Audi;A3;2008;922000;https://auto.drom.ru/himki/audi/a3/54066802.html;Характеристики совпадают с ПТС;4 записи о регистрации;Не числится в розыске;Ограничений не обнаружено;Химках;бензин, 1.8 л;160 л.с., налог;робот;передний;229 015 км;левый;2 поколение;красный;хэтчбек 3 дв.;;;;
Audi;A4;2008;914861;https://auto.drom.ru/minsk/audi/a4/53368234.html;Характеристики совпадают с ПТС;2 записи о регистрации;Не числится в розыске;Ограничений не обнаружено;Минске;бензин, 3.2 л;265 л.с., налог;АКПП;4WD;177 000 км;левый;4 поколение;коричневый;седан;3.2 FSI quattro tiptronic;;;
Audi;Q5;2008;1390000;https://auto.drom.ru/saratov/audi/q5/53768247.html;Характеристики совпадают с ПТС;7 записей о регистрации;Не числится в розыске;Ограничений не обнаружено;Саратове;бензин, 2.0 л;211 л.с., налог;робот;4WD;185 279 км;левый;1 поколение;белый;;;;;
Audi;A6;2008;1265927;https://auto.drom.ru/minsk/audi/a6/244919945.html;;;;;Минске;бензин, 3.0 л;290 л.с., налог;АКПП;4WD;398 890 км;левый;3 поколение, рестайлинг;черный;универсал;;;;
Audi;A4;2008;1170000;https://auto.drom.ru/alexandrov/audi/a4/169893895.html;Характеристики совпадают с ПТС;6 записей о регистрации;Не числится в розыске;Ограничений не обнаружено;Александрове;бензин, 1.8 л;160 л.с., налог;вариатор;передний;242 000 км;левый;4 поколение;черный;седан;;;;
Audi;A4;2008;999999;https://auto.drom.ru/spb/audi/a4/307438712.html;Характеристики совпадают с ПТС;3 записи о регистрации;Не числится в розыске;Ограничений не обнаружено;Санкт-Петербурге;дизель, 2.0 л;143 л.с., налог;механика;передний;238 740 км;левый;4 поколение;черный;седан;2.0 TDI MT;;;
Audi;A6;2008;1030000;https://auto.drom.ru/chertkovo/audi/a6/53358000.html;Характеристики совпадают с ПТС;2 записи о регистрации;Не числится в розыске;Ограничений не обнаружено;Чертково;бензин, 2.0 л;170 л.с., налог;вариатор;передний;332 000 км;левый;3 поколение, рестайлинг;бежевый;седан;2.0 TFSI multitronic;;;
Audi;A4;2008;1250000;https://auto.drom.ru/moscow/audi/a4/520620409.html;Характеристики совпадают с ПТС;9 записей о регистрации;Не числится в розыске;Ограничений не обнаружено;Москве;бензин, 1.8 л;160 л.с., налог;вариатор;передний;170 000 км;левый;4 поколение;белый;седан;1.8 TFSI CVT;;;
Audi;Q7;2008;1300000;https://auto.drom.ru/moscow/audi/q7/600379178.html;Характеристики совпадают с ПТС;8 записей о регистрации;Не числится в розыске;Ограничений не обнаружено;Москве;дизель, 3.0 л;233 л.с., налог;АКПП;4WD;250 000 км;левый;1 поколение;черный;;3.0 TDI quattro tiptronic;;;
Audi;A5;2008;1100000;https://auto.drom.ru/spb/audi/a5/263857647.html;Характеристики совпадают с ПТС;2 записи о регистрации;Не числится в розыске;Ограничений не обнаружено;Санкт-Петербурге;бензин, 3.2 л;265 л.с., налог;АКПП;4WD;186 419 км;левый;1 поколение;черный;купе;3.2 FSI quattro tiptronic;;;
Audi;A3;2008;800000;https://auto.drom.ru/kaluga/audi/a3/51621845.html;Характеристики совпадают с ПТС;7 записей о регистрации;Не числится в розыске;Ограничений не обнаружено;Калуге;бензин, 1.6 л;102 л.с., налог;механика;передний;170 000 км;левый;2 поколение, 2 рестайлинг;;хэтчбек 3 дв.;;;;
Audi;A5;2008;599000;https://auto.drom.ru/saratov/audi/a5/716932871.html;Характеристики совпадают с ПТС;5 записей о регистрации;Не числится в розыске;Есть ограничения;Саратове;бензин, 3.2 л;265 л.с., налог;вариатор;передний;219 000 км;левый;1 поколение;белый;купе;3.2 FSI Multitronic;документы с проблемами, запрет на 100к. Без залога ! Документы все на руках. Езда без проблем,переоформление нет.;;
Audi;A6;2008;870000;https://auto.drom.ru/kirov/audi/a6/53656748.html;Характеристики совпадают с ПТС;9 записей о регистрации;Не числится в розыске;Есть ограничения;Кирове;бензин, 2.4 л;177 л.с., налог;вариатор;передний;298 000 км;левый;3 поколение;черный;седан;2.4 multitronic;;;
Audi;A4;2008;820000;https://auto.drom.ru/spb/audi/a4/466736692.html;Характеристики совпадают с ПТС;4 записи о регистрации;Не числится в розыске;Ограничений не обнаружено;Санкт-Петербурге;бензин, 1.8 л;160 л.с., налог;вариатор;передний;200 000 км;левый;4 поколение;черный;седан;1.8 TFSI Multitronic Ambition;;;
Audi;A4;2008;1050000;https://auto.drom.ru/spb/audi/a4/913265466.html;Характеристики совпадают с ПТС;3 записи о регистрации;Не числится в розыске;Ограничений не обнаружено;Санкт-Петербурге;бензин, 1.8 л;160 л.с., налог;вариатор;передний;220 000 км;левый;4 поколение;черный;седан;1.8 TFSI Multitronic Ambiente;;;
Audi;Q7;2008;1649000;https://auto.drom.ru/voronezh/audi/q7/106255217.html;Характеристики совпадают с ПТС;1 запись о регистрации;Не числится в розыске;Ограничений не обнаружено;Воронеже;бензин, 3.6 л;280 л.с., налог;АКПП;4WD;139 000 км;левый;1 поколение;черный;;;;;
Audi;A4;2008;860000;https://auto.drom.ru/moscow/audi/a4/739147465.html;Характеристики совпадают с ПТС;4 записи о регистрации;Не числится в розыске;Ограничений не обнаружено;Москве;бензин, 3.2 л;265 л.с., налог;АКПП;4WD;292 724 км;левый;4 поколение;бежевый;седан;;;;
Audi;S5;2008;1170000;https://auto.drom.ru/zaokskiy/audi/s5/51904332.html;;;;;Заокском;бензин, 4.2 л;354 л.с., налог;АКПП;4WD;193 000 км;левый;1 поколение;черный;купе;4.2 FSI quattro tiptronic;;;
Audi;A6;2008;799777;https://auto.drom.ru/nizhniy-novgorod/audi/a6/52752651.html;Характеристики совпадают с ПТС;8 записей о регистрации;Не числится в розыске;Ограничений не обнаружено;Нижнем Новгороде;бензин, 2.8 л;210 л.с., налог;вариатор;передний;218 000 км;левый;3 поколение;серый;седан;2.8 FSI multitronic;;;
Audi;A5;2008;1299000;https://auto.drom.ru/kazan/audi/a5/53594732.html;Характеристики совпадают с ПТС;6 записей о регистрации;Не числится в розыске;Ограничений не обнаружено;Казани;бензин, 3.2 л;265 л.с., налог;вариатор;передний;188 000 км;левый;1 поколение;серый;купе;;;;
Audi;A4;2008;980000;https://auto.drom.ru/stariy-oskol/audi/a4/463420997.html;Характеристики совпадают с ПТС;4 записи о регистрации;Не числится в розыске;Ограничений не обнаружено;Старом Осколе;дизель, 2.0 л;143 л.с., налог;вариатор;передний;230 416 км;левый;4 поколение;серый;седан;;;;
Audi;A5;2008;1220000;https://auto.drom.ru/moscow/audi/a5/53927852.html;Характеристики совпадают с ПТС;6 записей о регистрации;Не числится в розыске;Ограничений не обнаружено;Москве;бензин, 3.2 л;265 л.с., налог;автомат;4WD;144 000 км;левый;1 поколение;черный;купе;;;;
Audi;A6;2008;950000;https://auto.drom.ru/volodarsk/audi/a6/876761691.html;Характеристики совпадают с ПТС;3 записи о регистрации;Не числится в розыске;Ограничений не обнаружено;Володарске;бензин, 2.4 л;177 л.с., налог;вариатор;передний;600 000 км;левый;3 поколение;серый;седан;2.4 multitronic;;;
Audi;A6;2008;855000;https://auto.drom.ru/moscow/audi/a6/53907921.html;Характеристики совпадают с ПТС;2 записи о регистрации;Не числится в розыске;Ограничений не обнаружено;Москве;дизель, 2.0 л;140 л.с., налог;вариатор;передний;253 461 км;левый;3 поколение;черный;универсал;2.0 TDI Multitronic;;;
Audi;A6;2008;820000;https://auto.drom.ru/orel/audi/a6/755989412.html;Характеристики совпадают с ПТС;6 записей о регистрации;Не числится в розыске;Ограничений не обнаружено;Орле;бензин, 2.0 л;170 л.с., налог;вариатор;передний;309 000 км;левый;3 поколение;бежевый;седан;2.0 TFSI multitronic;;;
Audi;S5;2008;1075000;https://auto.drom.ru/kazan/audi/s5/676707849.html;Характеристики совпадают с ПТС;8 записей о регистрации;Не числится в розыске;Ограничений не обнаружено;Казани;бензин, 4.2 л;354 л.с., налог;АКПП;4WD;247 000 км;левый;1 поколение;белый;купе;4.2 FSI quattro tiptronic;;;
Audi;A4;2008;1150000;https://auto.drom.ru/cheboksary/audi/a4/53102640.html;Характеристики совпадают с ПТС;8 записей о регистрации;Не числится в розыске;Ограничений не обнаружено;Чебоксарах;бензин, 2.0 л;211 л.с., налог;вариатор;передний;253 000 км;левый;4 поколение;серый;седан;2.0 TFSI Multitronic Attraction;;;
Audi;A6;2008;980000;https://auto.drom.ru/vidnoe/audi/a6/759147149.html;Характеристики совпадают с ПТС;7 записей о регистрации;Не числится в розыске;Ограничений не обнаружено;Видном;бензин, 2.8 л;210 л.с., налог;АКПП;4WD;176 000 км;левый;3 поколение;синий;седан;2.8 FSI tiptronic quattro;;;
Audi;A4;2008;1050000;https://auto.drom.ru/stariy-oskol/audi/a4/52611967.html;;;;;Старом Осколе;дизель, 2.0 л;140 л.с., налог;механика;передний;;левый;3 поколение;;седан;2.0 TDI MT;;;
Audi;A4;2009;1054000;https://auto.drom.ru/moscow/audi/a4/642821742.html;Характеристики совпадают с ПТС;3 записи о регистрации;Не числится в розыске;Ограничений не обнаружено;Москве;бензин, 1.8 л;160 л.с., налог;вариатор;передний;116 500 км;левый;4 поколение;красный;седан;;;;
Audi;Q5;2009;1329000;https://auto.drom.ru/balashiha/audi/q5/54104560.html;Характеристики совпадают с ПТС;6 записей о регистрации;Не числится в розыске;Ограничений не обнаружено;Балашихе;бензин, 2.0 л;211 л.с., налог;робот;4WD;254 000 км;левый;1 поколение;белый;;2.0 TFSI quattro  S Tronic;;;
Audi;A4;2009;1099000;https://auto.drom.ru/voronezh/audi/a4/723401872.html;Характеристики совпадают с ПТС;4 записи о регистрации;Не числится в розыске;Ограничений не обнаружено;Воронеже;бензин, 1.8 л;160 л.с., налог;механика;передний;289 012 км;левый;4 поколение;синий;универсал;;;;
Audi;A6;2009;999000;https://auto.drom.ru/cherepovets/audi/a6/235038312.html;Характеристики совпадают с ПТС;5 записей о регистрации;Не числится в розыске;Ограничений не обнаружено;Череповце;бензин, 2.0 л;170 л.с., налог;вариатор;передний;215 000 км;левый;3 поколение, рестайлинг;черный;седан;2.0 TFSI multitronic;;;
Audi;A6;2009;1155000;https://auto.drom.ru/moscow/audi/a6/614175450.html;;;;;Москве;бензин, 2.8 л;190 л.с., налог;вариатор;передний;183 902 км;левый;3 поколение, рестайлинг;черный;седан;2.8 FSI multitronic;;;
Audi;A7;2011;1799000;https://auto.drom.ru/tver/audi/a7/270084450.html;;;;;Твери;бензин, 3.0 л;300 л.с., налог;робот;4WD;98 000 км;левый;1 поколение;коричневый;;3.0 TFSI quattro S tronic;;;
Audi;A8;2011;1450000;https://auto.drom.ru/moscow/audi/a8/54062829.html;;;;;Москве;бензин, 6.3 л;500 л.с., налог;АКПП;4WD;180 000 км;левый;3 поколение;черный;;6.3 W12 quattro Tiptronic L;документы с проблемами или отсутствуют;;
Audi;A7;2011;1699000;https://auto.drom.ru/tver/audi/a7/53638005.html;;;;;Твери;бензин, 3.0 л;300 л.с., налог;робот;4WD;98 000 км;левый;1 поколение;коричневый;;3.0 TFSI quattro S tronic;;;
Audi;A5;2011;1230000;https://auto.drom.ru/roshal/audi/a5/346629582.html;;;;;Рошале;бензин, 1.8 л;160 л.с., налог;вариатор;передний;;левый;1 поколение;;лифтбек;;;;
Audi;A6;2012;1199000;https://auto.drom.ru/nizhniy-novgorod/audi/a6/568020013.html;;;;;Нижнем Новгороде;бензин, 3.0 л;300 л.с., налог;робот;4WD;252 950 км;левый;4 поколение;белый;седан;3.0 TFSI quattro S tronic;;;
Audi;A3;2013;1085000;https://auto.drom.ru/saratov/audi/a3/54105312.html;;;;;Саратове;бензин, 1.2 л;105 л.с., налог;робот;передний;160 000 км;левый;2 поколение, 2 рестайлинг;;хэтчбек 5 дв.;;;;
Audi;Q5;2013;1910000;https://auto.drom.ru/spb/audi/q5/53996942.html;Характеристики совпадают с ПТС;4 записи о регистрации;Не числится в розыске;Ограничений не обнаружено;Санкт-Петербурге;бензин, 2.0 л;225 л.с., налог;АКПП;4WD;159 810 км;левый;1 поколение, рестайлинг;коричневый;;;;;
Audi;Q3;2013;1550000;https://auto.drom.ru/spb/audi/q3/52421083.html;Характеристики совпадают с ПТС;5 записей о регистрации;Не числится в розыске;Ограничений не обнаружено;Санкт-Петербурге;бензин, 2.0 л;170 л.с., налог;робот;4WD;150 000 км;левый;1 поколение;черный;;2.0 TFSI quattro S tronic;;;
Audi;Q3;2013;1953000;https://auto.drom.ru/moscow/audi/q3/352118574.html;Характеристики совпадают с ПТС;2 записи о регистрации;Не числится в розыске;Ограничений не обнаружено;Москве;бензин, 2.0 л;170 л.с., налог;робот;4WD;78 928 км;левый;1 поколение;оранжевый;;2.0 TFSI quattro S tronic;;;
Audi;A4;2013;1870000;https://auto.drom.ru/moscow/audi/a4/728207032.html;Характеристики совпадают с ПТС;3 записи о регистрации;Не числится в розыске;Ограничений не обнаружено;Москве;бензин, 2.0 л;225 л.с., налог;робот;4WD;141 300 км;левый;4 поколение, рестайлинг;красный;седан;;;;
Audi;A3;2013;1540000;https://auto.drom.ru/moscow/audi/a3/701194110.html;Характеристики совпадают с ПТС;1 запись о регистрации;Не числится в розыске;Ограничений не обнаружено;Москве;бензин, 1.4 л;122 л.с., налог;робот;передний;88 902 км;левый;3 поколение;белый;хэтчбек 3 дв.;;;;
Audi;A8;2013;1949000;https://auto.drom.ru/penza/audi/a8/696494080.html;;;;;Пензе;бензин, 3.0 л;290 л.с., налог;АКПП;4WD;206 000 км;левый;3 поколение;;;;;;
Audi;A6;2013;1198000;https://auto.drom.ru/voronezh/audi/a6/53535911.html;Характеристики совпадают с ПТС;3 записи о регистрации;Не числится в розыске;Ограничений не обнаружено;Воронеже;бензин, 2.0 л;180 л.с., налог;вариатор;передний;189 045 км;левый;4 поколение;серебристый;седан;;;;
Audi;Q3;2013;1749000;https://auto.drom.ru/moscow/audi/q3/105403849.html;Характеристики совпадают с ПТС;3 записи о регистрации;Не числится в розыске;Ограничений не обнаружено;Москве;бензин, 2.0 л;170 л.с., налог;робот;4WD;134 655 км;левый;1 поколение;белый;;2.0 TFSI quattro S tronic;;;
Audi;A1;2013;1249000;https://auto.drom.ru/moscow/audi/a1/52861627.html;Объем двигателя не совпадает с ПТС;3 записи о регистрации;Не числится в розыске;Ограничений не обнаружено;Москве;бензин, 1.4 л;122 л.с., налог;робот;передний;55 412 км;левый;1 поколение;красный;хэтчбек 5 дв.;;;;
Audi;A8;2013;2150000;https://auto.drom.ru/kursk/audi/a8/51980483.html;Характеристики совпадают с ПТС;5 записей о регистрации;Не числится в розыске;Ограничений не обнаружено;Курске;бензин, 3.0 л;290 л.с., налог;АКПП;4WD;151 000 км;левый;3 поколение;черный;;3.0 TFSI quattro Tiptronic L;;;
Audi;Q5;2013;1999000;https://auto.drom.ru/spb/audi/q5/119655920.html;Характеристики совпадают с ПТС;3 записи о регистрации;Не числится в розыске;Ограничений не обнаружено;Санкт-Петербурге;бензин, 2.0 л;225 л.с., налог;АКПП;4WD;157 358 км;левый;1 поколение, рестайлинг;коричневый;;;;;
Audi;A5;2013;1299789;https://auto.drom.ru/spb/audi/a5/381766466.html;Характеристики совпадают с ПТС;3 записи о регистрации;Не числится в розыске;Ограничений не обнаружено;Санкт-Петербурге;бензин, 1.8 л;170 л.с., налог;вариатор;передний;174 542 км;левый;1 поколение, рестайлинг;синий;купе;;;;
Audi;Q5;2013;2327000;https://auto.drom.ru/spb/audi/q5/832035471.html;Характеристики совпадают с ПТС;1 запись о регистрации;Не числится в розыске;Ограничений не обнаружено;Санкт-Петербурге;дизель, 2.0 л;177 л.с., налог;робот;4WD;84 000 км;левый;1 поколение, рестайлинг;серый;;;;;
Audi;Q5;2013;2300000;https://auto.drom.ru/minsk/audi/q5/53903456.html;;;;;Минске;дизель, 3.0 л;240 л.с., налог;автомат;4WD;167 000 км, без пробега по РФ;левый;1 поколение, рестайлинг;белый;;;;;
Audi;Q5;2013;2190000;https://auto.drom.ru/moscow/audi/q5/53950633.html;Характеристики совпадают с ПТС;1 запись о регистрации;Не числится в розыске;Ограничений не обнаружено;Москве;бензин, 2.0 л;224 л.с., налог;автомат;4WD;124 638 км;левый;;черный;;;;;
Audi;A3;2013;1025000;https://auto.drom.ru/moscow/audi/a3/53108592.html;Характеристики совпадают с ПТС;3 записи о регистрации;Не числится в розыске;Ограничений не обнаружено;Москве;1.4 л;;автомат;;150 035 км;левый;;красный;хэтчбек 5 дв.;;;;
Audi;A6;2013;1850000;https://auto.drom.ru/cheboksary/audi/a6/53798299.html;Характеристики совпадают с ПТС;4 записи о регистрации;Не числится в розыске;Ограничений не обнаружено;Чебоксарах;бензин, 2.8 л;204 л.с., налог;вариатор;передний;149 000 км;левый;4 поколение;черный;седан;2.8 FSI Multitronic;;;
Audi;A4;2013;1170000;https://auto.drom.ru/spb/audi/a4/53610690.html;Характеристики совпадают с ПТС;6 записей о регистрации;Не числится в розыске;Ограничений не обнаружено;Санкт-Петербурге;бензин, 1.8 л;170 л.с., налог;вариатор;передний;234 491 км;левый;4 поколение, рестайлинг;синий;седан;;;;
Audi;A4;2013;1940000;https://auto.drom.ru/bryansk/audi/a4/53606542.html;Характеристики совпадают с ПТС;4 записи о регистрации;Не числится в розыске;Ограничений не обнаружено;Брянске;бензин, 2.0 л;225 л.с., налог;робот;4WD;152 000 км;левый;4 поколение, рестайлинг;белый;седан;2.0 TFSI quattro S Tronic Sport;;;
Audi;Q5;2013;2330000;https://auto.drom.ru/moscow/audi/q5/53941081.html;Характеристики совпадают с ПТС;2 записи о регистрации;Не числится в розыске;Ограничений не обнаружено;Москве;бензин, 2.0 л;224 л.с., налог;автомат;4WD;89 550 км;левый;;коричневый;;;;;
Audi;Q5;2013;1950000;https://auto.drom.ru/krasnogorsk/audi/q5/358027086.html;Характеристики совпадают с ПТС;9 записей о регистрации;Не числится в розыске;Ограничений не обнаружено;Красногорске;бензин, 2.0 л;225 л.с., налог;АКПП;4WD;158 000 км;левый;1 поколение, рестайлинг;белый;;2.0 TFSI quattro tiptronic;;;
Audi;A4;2013;1399000;https://auto.drom.ru/spb/audi/a4/792365029.html;Характеристики совпадают с ПТС;4 записи о регистрации;Не числится в розыске;Ограничений не обнаружено;Санкт-Петербурге;бензин, 1.8 л;120 л.с., налог;вариатор;передний;137 000 км;левый;4 поколение, рестайлинг;коричневый;седан;;;;
Audi;A1;2013;1109070;https://auto.drom.ru/voronezh/audi/a1/676518941.html;Характеристики совпадают с ПТС;3 записи о регистрации;Не числится в розыске;Ограничений не обнаружено;Воронеже;бензин, 1.4 л;122 л.с., налог;робот;передний;93 000 км;левый;1 поколение;белый;хэтчбек 5 дв.;;;;
Audi;A3;2013;1889789;https://auto.drom.ru/spb/audi/a3/821652940.html;Характеристики совпадают с ПТС;3 записи о регистрации;Не числится в розыске;Ограничений не обнаружено;Санкт-Петербурге;бензин, 1.8 л;180 л.с., налог;робот;4WD;136 272 км;левый;3 поколение;белый;хэтчбек 5 дв.;;;;
Audi;A3;2013;1650000;https://auto.drom.ru/tula/audi/a3/52555984.html;Характеристики совпадают с ПТС;4 записи о регистрации;Не числится в розыске;Ограничений не обнаружено;Туле;бензин, 1.4 л;125 л.с., налог;робот;передний;181 300 км;левый;3 поколение;синий;хэтчбек 5 дв.;;;;
Audi;A8;2013;2100000;https://auto.drom.ru/ivanovo/audi/a8/53896619.html;Характеристики совпадают с ПТС;4 записи о регистрации;Не числится в розыске;Ограничений не обнаружено;Иваново;бензин, 3.0 л;290 л.с., налог;АКПП;4WD;225 000 км;левый;3 поколение;черный;;3.0 TFSI quattro Tiptronic L;;;
Audi;A6;2013;1550000;https://auto.drom.ru/bryansk/audi/a6/810834810.html;Характеристики совпадают с ПТС;7 записей о регистрации;Не числится в розыске;Ограничений не обнаружено;Брянске;бензин, 2.0 л;180 л.с., налог;вариатор;передний;183 000 км;левый;4 поколение;черный;седан;2.0 TFSI Multitronic;;;
Audi;Q5;2013;1969000;https://auto.drom.ru/moscow/audi/q5/53532226.html;Характеристики совпадают с ПТС;2 записи о регистрации;Не числится в розыске;Ограничений не обнаружено;Москве;бензин, 2.0 л;225 л.с., налог;АКПП;4WD;131 130 км;левый;1 поколение, рестайлинг;коричневый;;;;;
Audi;A5;2013;1799000;https://auto.drom.ru/spb/audi/a5/53525432.html;Характеристики совпадают с ПТС;3 записи о регистрации;Не числится в розыске;Ограничений не обнаружено;Санкт-Петербурге;бензин, 2.0 л;211 л.с., налог;робот;4WD;120 163 км;левый;1 поколение, рестайлинг;белый;лифтбек;;;;
Audi;A1;2013;1280000;https://auto.drom.ru/tver/audi/a1/52668459.html;Характеристики совпадают с ПТС;2 записи о регистрации;Не числится в розыске;Ограничений не обнаружено;Твери;бензин, 1.4 л;122 л.с., налог;робот;передний;115 904 км;левый;1 поколение;белый;хэтчбек 5 дв.;;;;
Audi;A5;2013;1800000;https://auto.drom.ru/pskov/audi/a5/53882091.html;Характеристики совпадают с ПТС;6 записей о регистрации;Не числится в розыске;Ограничений не обнаружено;Пскове;бензин, 2.0 л;225 л.с., налог;робот;4WD;223 000 км;левый;1 поколение, рестайлинг;белый;купе;2.0 TFSI quattro S Tronic;;;
Audi;Q5;2013;1889000;https://auto.drom.ru/spb/audi/q5/53091625.html;Характеристики совпадают с ПТС;3 записи о регистрации;Не числится в розыске;Ограничений не обнаружено;Санкт-Петербурге;бензин, 2.0 л;224 л.с., налог;автомат;4WD;145 817 км;левый;;коричневый;;;;;
Audi;A3;2013;1520000;https://auto.drom.ru/pskov/audi/a3/47558652.html;Характеристики совпадают с ПТС;;Не числится в розыске;Ограничений не обнаружено;Пскове;бензин, 1.8 л;180 л.с., налог;механика;передний;82 000 км;левый;3 поколение;красный;седан;;;;
Audi;A6 allroad quattro;2014;1499000;https://auto.drom.ru/moscow/audi/a6_allroad_quattro/53489847.html;Характеристики совпадают с ПТС;6 записей о регистрации;Не числится в розыске;Ограничений не обнаружено;Москве;дизель, 3.0 л;245 л.с., налог;робот;4WD;251 000 км;левый;3 поколение;черный;;3.0 TDI quattro S tronic;требуется ремонт или не на ходу;;
Audi;Q5;2014;2050000;https://auto.drom.ru/spb/audi/q5/623076845.html;Характеристики совпадают с ПТС;6 записей о регистрации;Не числится в розыске;Ограничений не обнаружено;Санкт-Петербурге;дизель, 2.0 л;177 л.с., налог;робот;4WD;149 500 км;левый;1 поколение, рестайлинг;черный;;2.0 TDI quattro S tronic Sport;;;
Audi;A3;2014;1550000;https://auto.drom.ru/moscow/audi/a3/407841924.html;Характеристики совпадают с ПТС;4 записи о регистрации;Не числится в розыске;Ограничений не обнаружено;Москве;бензин, 1.4 л;125 л.с., налог;робот;передний;191 000 км;левый;3 поколение;синий;седан;1.4 TFSI S tronic Attraction;;;
Audi;A5;2014;2036000;https://auto.drom.ru/moscow/audi/a5/54137055.html;Характеристики совпадают с ПТС;2 записи о регистрации;Не числится в розыске;Ограничений не обнаружено;Москве;бензин, 2.0 л;225 л.с., налог;робот;4WD;174 365 км;левый;1 поколение, рестайлинг;голубой;лифтбек;;;;
Audi;A5;2014;1938000;https://auto.drom.ru/kazan/audi/a5/53853422.html;Характеристики совпадают с ПТС;6 записей о регистрации;Не числится в розыске;Ограничений не обнаружено;Казани;бензин;;автомат;;102 315 км;левый;1 поколение, рестайлинг;коричневый;лифтбек;;;;
Audi;A6;2014;1489000;https://auto.drom.ru/moscow/audi/a6/53851536.html;Характеристики совпадают с ПТС;7 записей о регистрации;Не числится в розыске;Ограничений не обнаружено;Москве;бензин, 3.0 л;310 л.с., налог;автомат;4WD;230 167 км;левый;4 поколение;черный;седан;;;;
Audi;A4;2014;1738000;https://auto.drom.ru/volgograd/audi/a4/669489768.html;Характеристики совпадают с ПТС;3 записи о регистрации;Не числится в розыске;Ограничений не обнаружено;Волгограде;бензин, 1.8 л;120 л.с., налог;вариатор;передний;119 008 км;левый;4 поколение, рестайлинг;коричневый;седан;;;;
Audi;Q7;2014;2791000;https://auto.drom.ru/moscow/audi/q7/53425451.html;Характеристики совпадают с ПТС;4 записи о регистрации;Не числится в розыске;Ограничений не обнаружено;Москве;дизель, 3.0 л;245 л.с., налог;АКПП;4WD;135 000 км;левый;1 поколение, рестайлинг;черный;;;;;
Audi;A3;2014;1190000;https://auto.drom.ru/dubna/audi/a3/897442798.html;Характеристики совпадают с ПТС;4 записи о регистрации;Не числится в розыске;Ограничений не обнаружено;Дубне;бензин, 1.4 л;125 л.с., налог;робот;передний;265 000 км;левый;3 поколение;белый;седан;;;;
Audi;A6;2014;2149000;https://auto.drom.ru/spb/audi/a6/436329258.html;Характеристики совпадают с ПТС;3 записи о регистрации;Не числится в розыске;Ограничений не обнаружено;Санкт-Петербурге;бензин, 1.8 л;190 л.с., налог;робот;передний;127 756 км;левый;4 поколение, рестайлинг;черный;седан;;;;
Audi;Q3;2014;1998000;https://auto.drom.ru/volgograd/audi/q3/54116478.html;Характеристики совпадают с ПТС;2 записи о регистрации;Не числится в розыске;Ограничений не обнаружено;Волгограде;бензин, 2.0 л;170 л.с., налог;робот;4WD;143 128 км;левый;1 поколение;белый;;2.0 TFSI quattro S tronic;;;
Audi;Q5;2014;2100000;https://auto.drom.ru/moscow/audi/q5/709875218.html;Характеристики совпадают с ПТС;5 записей о регистрации;Не числится в розыске;Ограничений не обнаружено;Москве;бензин, 2.0 л;224 л.с., налог;автомат;4WD;141 399 км;левый;;черный;;;;;
Audi;A4;2014;1430000;https://auto.drom.ru/spb/audi/a4/332257977.html;Характеристики совпадают с ПТС;7 записей о регистрации;Не числится в розыске;Ограничений не обнаружено;Санкт-Петербурге;бензин, 1.8 л;170 л.с., налог;вариатор;передний;130 500 км;левый;4 поколение, рестайлинг;черный;седан;;;;
Audi;Q3;2014;1890000;https://auto.drom.ru/moscow/audi/q3/142458517.html;Характеристики совпадают с ПТС;4 записи о регистрации;Не числится в розыске;Ограничений не обнаружено;Москве;бензин, 2.0 л;170 л.с., налог;робот;4WD;134 225 км;левый;1 поколение;бежевый;;2.0 TFSI quattro S tronic;;;
Audi;A3;2014;1400000;https://auto.drom.ru/ryazan/audi/a3/51708454.html;Характеристики совпадают с ПТС;4 записи о регистрации;Не числится в розыске;Ограничений не обнаружено;Рязани;бензин, 1.4 л;125 л.с., налог;робот;передний;218 000 км;левый;3 поколение;черный;седан;;;;
Audi;Q5;2014;2250000;https://auto.drom.ru/kaluga/audi/q5/54099013.html;Характеристики совпадают с ПТС;4 записи о регистрации;Не числится в розыске;Ограничений не обнаружено;Калуге;дизель, 2.0 л;177 л.с., налог;робот;4WD;197 000 км;левый;1 поколение, рестайлинг;черный;;;;;
Audi;A3;2014;1150000;https://auto.drom.ru/kazan/audi/a3/53794349.html;;;;;Казани;бензин, 1.2 л;105 л.с., налог;механика;передний;194 000 км;левый;3 поколение;;хэтчбек 5 дв.;;;;
Audi;A4;2014;2438000;https://auto.drom.ru/moscow/audi/a4/292119483.html;Характеристики совпадают с ПТС;1 запись о регистрации;Не числится в розыске;Ограничений не обнаружено;Москве;бензин, 2.0 л;225 л.с., налог;робот;4WD;61 129 км;левый;4 поколение, рестайлинг;синий;седан;;;;
Audi;A3;2014;1325654;https://auto.drom.ru/kazan/audi/a3/53272354.html;Характеристики совпадают с ПТС;3 записи о регистрации;Не числится в розыске;Ограничений не обнаружено;Казани;бензин, 1.2 л;105 л.с., налог;робот;передний;163 165 км;левый;3 поколение;красный;хэтчбек 5 дв.;;;;
Audi;A3;2014;1210000;https://auto.drom.ru/moscow/audi/a3/169610982.html;Характеристики совпадают с ПТС;5 записей о регистрации;Не числится в розыске;Ограничений не обнаружено;Москве;бензин, 1.4 л;125 л.с., налог;робот;передний;124 700 км;левый;3 поколение;белый;седан;1.4 TFSI S Tronic Ambition;;;
Audi;A3;2014;1160000;https://auto.drom.ru/spb/audi/a3/729568836.html;Характеристики совпадают с ПТС;5 записей о регистрации;Не числится в розыске;Ограничений не обнаружено;Санкт-Петербурге;бензин, 1.2 л;105 л.с., налог;робот;передний;150 118 км;левый;3 поколение;белый;хэтчбек 5 дв.;;;;
Audi;A1;2014;1209000;https://auto.drom.ru/spb/audi/a1/566694053.html;Характеристики совпадают с ПТС;6 записей о регистрации;Не числится в розыске;Ограничений не обнаружено;Санкт-Петербурге;бензин, 1.4 л;122 л.с., налог;робот;передний;87 047 км;левый;1 поколение;белый;хэтчбек 5 дв.;;;;
Audi;A5;2014;1436979;https://auto.drom.ru/minsk/audi/a5/194968182.html;Характеристики совпадают с ПТС;2 записи о регистрации;Не числится в розыске;Ограничений не обнаружено;Минске;бензин, 1.8 л;170 л.с., налог;вариатор;передний;178 000 км;левый;1 поколение, рестайлинг;;купе;;;;
Audi;Q5;2014;2272000;https://auto.drom.ru/spb/audi/q5/938231770.html;Характеристики совпадают с ПТС;2 записи о регистрации;Не числится в розыске;Ограничений не обнаружено;Санкт-Петербурге;дизель, 2.0 л;177 л.с., налог;робот;4WD;180 957 км;левый;1 поколение, рестайлинг;коричневый;;;;;
Audi;A4;2014;1520000;https://auto.drom.ru/moscow/audi/a4/52498561.html;Характеристики совпадают с ПТС;3 записи о регистрации;Не числится в розыске;Ограничений не обнаружено;Москве;бензин, 2.0 л;225 л.с., налог;робот;4WD;195 000 км;левый;4 поколение, рестайлинг;черный;седан;;;;
Audi;Q3;2014;1699000;https://auto.drom.ru/ulyanovsk/audi/q3/447692627.html;Характеристики совпадают с ПТС;3 записи о регистрации;Не числится в розыске;Ограничений не обнаружено;Ульяновске;бензин, 2.0 л;170 л.с., налог;робот;4WD;170 966 км;левый;1 поколение;коричневый;;2.0 TFSI quattro S tronic;;;
Audi;Q3;2014;2250000;https://auto.drom.ru/moscow/audi/q3/131312114.html;Цвет не совпадает с ПТС;2 записи о регистрации;Не числится в розыске;Ограничений не обнаружено;Москве;бензин, 2.0 л;170 л.с., налог;робот;4WD;85 958 км;левый;1 поколение;черный;;2.0 TFSI quattro S tronic;;;
Audi;A8;2014;2480000;https://auto.drom.ru/moscow/audi/a8/868401349.html;Характеристики совпадают с ПТС;4 записи о регистрации;Не числится в розыске;Ограничений не обнаружено;Москве;бензин, 4.0 л;435 л.с., налог;АКПП;4WD;200 000 км;левый;3 поколение, рестайлинг;черный;;4.0 TFSI quattro tiptronic L;;;
Audi;A3;2014;1410000;https://auto.drom.ru/himki/audi/a3/54041604.html;Характеристики совпадают с ПТС;1 запись о регистрации;Не числится в розыске;Ограничений не обнаружено;Химках;бензин, 1.2 л;105 л.с., налог;робот;передний;103 000 км;левый;3 поколение;белый;хэтчбек 5 дв.;;;;
Audi;Q5;2014;2095000;https://auto.drom.ru/moscow/audi/q5/599551339.html;Характеристики совпадают с ПТС;1 запись о регистрации;Не числится в розыске;Ограничений не обнаружено;Москве;дизель, 2.0 л;177 л.с., налог;робот;4WD;228 665 км;левый;1 поколение, рестайлинг;черный;;;;;
Audi;A6;2014;1947000;https://auto.drom.ru/kazan/audi/a6/671947957.html;Характеристики совпадают с ПТС;4 записи о регистрации;Не числится в розыске;Ограничений не обнаружено;Казани;бензин, 2.0 л;180 л.с., налог;вариатор;передний;159 053 км;левый;4 поколение;черный;седан;;;;
Audi;Q7;2014;2400000;https://auto.drom.ru/sechenovo/audi/q7/907047092.html;Характеристики совпадают с ПТС;5 записей о регистрации;Не числится в розыске;Ограничений не обнаружено;Сеченово;дизель, 3.0 л;245 л.с., налог;АКПП;4WD;193 000 км;левый;1 поколение, рестайлинг;черный;;3.0 TDI quattro tiptronic;;;
Audi;Q3;2014;2279000;https://auto.drom.ru/moscow/audi/q3/51714398.html;Характеристики совпадают с ПТС;3 записи о регистрации;Не числится в розыске;Ограничений не обнаружено;Москве;бензин, 2.0 л;220 л.с., налог;робот;4WD;74 500 км;левый;1 поколение, рестайлинг;белый;;;;;
Audi;A3;2014;1275000;https://auto.drom.ru/spb/audi/a3/52455813.html;Характеристики совпадают с ПТС;2 записи о регистрации;Не числится в розыске;Ограничений не обнаружено;Санкт-Петербурге;бензин, 1.4 л;122 л.с., налог;автомат;передний;137 939 км;левый;;белый;седан;;;;
Audi;A8;2014;1910000;https://auto.drom.ru/moscow/audi/a8/272835842.html;;;;;Москве;бензин, 3.0 л;310 л.с., налог;АКПП;4WD;;левый;3 поколение, рестайлинг;черный;;;;;
Audi;A6;2014;2176260;https://auto.drom.ru/minsk/audi/a6/52890208.html;;;;;Минске;дизель, 2.0 л;190 л.с., налог;робот;передний;268 000 км;левый;4 поколение, рестайлинг;;универсал;2.0 TDI ultra S Tronic;;;
Audi;A5;2014;1935994;https://auto.drom.ru/minsk/audi/a5/53708740.html;Характеристики совпадают с ПТС;2 записи о регистрации;Не числится в розыске;Ограничений не обнаружено;Минске;бензин, 2.0 л;225 л.с., налог;робот;4WD;153 000 км;левый;1 поколение, рестайлинг;черный;лифтбек;2.0 TFSI quattro S tronic Design;;;
Audi;Q7;2014;2800000;https://auto.drom.ru/kineshma/audi/q7/39107408.html;Характеристики совпадают с ПТС;4 записи о регистрации;Не числится в розыске;Ограничений не обнаружено;Кинешме;дизель, 3.0 л;245 л.с., налог;АКПП;4WD;105 000 км;левый;1 поколение, рестайлинг;белый;;3.0 TDI quattro tiptronic;;;
Audi;RS Q3;2014;2799900;https://auto.drom.ru/moscow/audi/rs_q3/180073162.html;Характеристики совпадают с ПТС;3 записи о регистрации;Не числится в розыске;Ограничений не обнаружено;Москве;бензин, 2.5 л;310 л.с., налог;робот;4WD;117 400 км;левый;1 поколение;синий;;2.5 TFSI quattro S tronic;;;
Audi;Q5;2014;2200000;https://auto.drom.ru/moscow/audi/q5/53275767.html;Характеристики совпадают с ПТС;3 записи о регистрации;Не числится в розыске;Ограничений не обнаружено;Москве;бензин, 2.0 л;225 л.с., налог;АКПП;4WD;98 671 км;левый;1 поколение, рестайлинг;серый;;;;;
Audi;A1;2014;1207000;https://auto.drom.ru/moscow/audi/a1/794549690.html;Характеристики совпадают с ПТС;2 записи о регистрации;Не числится в розыске;Ограничений не обнаружено;Москве;бензин, 1.4 л;122 л.с., налог;робот;передний;77 375 км;левый;1 поколение;белый;хэтчбек 5 дв.;1.4 TFSI S tronic Ambition;;;
Audi;Q5;2014;2165000;https://auto.drom.ru/moscow/audi/q5/326697283.html;Характеристики совпадают с ПТС;3 записи о регистрации;Не числится в розыске;Ограничений не обнаружено;Москве;бензин, 2.0 л;224 л.с., налог;автомат;4WD;138 814 км;левый;;коричневый;;;;;
Audi;Q3;2014;2200000;https://auto.drom.ru/volgograd/audi/q3/343988686.html;Характеристики совпадают с ПТС;3 записи о регистрации;Не числится в розыске;Ограничений не обнаружено;Волгограде;бензин, 2.0 л;170 л.с., налог;робот;4WD;30 667 км;левый;1 поколение;серебристый;;2.0 TFSI quattro S tronic;;;
Audi;Q5;2014;2194742;https://auto.drom.ru/minsk/audi/q5/52843288.html;;;;;Минске;дизель, 3.0 л;245 л.с., налог;робот;4WD;177 800 км;левый;1 поколение, рестайлинг;серый;;;;;
Audi;Q7;2014;2910921;https://auto.drom.ru/minsk/audi/q7/52843266.html;;;;;Минске;дизель, 3.0 л;245 л.с., налог;АКПП;4WD;170 000 км;левый;1 поколение, рестайлинг;серебристый;;;;;
Audi;A4;2014;1860000;https://auto.drom.ru/kirov/audi/a4/453454156.html;Характеристики совпадают с ПТС;8 записей о регистрации;Не числится в розыске;Ограничений не обнаружено;Кирове;бензин, 2.0 л;225 л.с., налог;робот;4WD;203 600 км;левый;4 поколение, рестайлинг;синий;седан;;;;
Audi;A6;2014;1434000;https://auto.drom.ru/moscow/audi/a6/53988481.html;Характеристики совпадают с ПТС;4 записи о регистрации;Не числится в розыске;Ограничений не обнаружено;Москве;бензин, 2.0 л;180 л.с., налог;вариатор;передний;186 473 км;левый;4 поколение;белый;седан;;;;
Audi;Q3;2014;1699000;https://auto.drom.ru/ulyanovsk/audi/q3/53983482.html;Характеристики совпадают с ПТС;3 записи о регистрации;Не числится в розыске;Ограничений не обнаружено;Ульяновске;бензин, 2.0 л;170 л.с., налог;робот;4WD;170 966 км;левый;1 поколение;коричневый;;2.0 TFSI quattro S tronic;;;
Audi;Q7;2014;2850000;https://auto.drom.ru/spb/audi/q7/53681045.html;Характеристики совпадают с ПТС;1 запись о регистрации;Не числится в розыске;Ограничений не обнаружено;Санкт-Петербурге;дизель, 3.0 л;245 л.с., налог;АКПП;4WD;205 258 км;левый;1 поколение, рестайлинг;коричневый;;3.0 TDI quattro tiptronic;;;
Audi;A7;2014;2950000;https://auto.drom.ru/moscow/audi/a7/52829790.html;Характеристики совпадают с ПТС;6 записей о регистрации;Не числится в розыске;Ограничений не обнаружено;Москве;дизель, 3.0 л;245 л.с., налог;робот;4WD;225 000 км;левый;1 поколение, рестайлинг;черный;;3.0 TDI quattro S tronic Sline;;;
Audi;A6;2014;1800000;https://auto.drom.ru/bryansk/audi/a6/772024589.html;Характеристики совпадают с ПТС;2 записи о регистрации;Не числится в розыске;Ограничений не обнаружено;Брянске;бензин, 2.0 л;180 л.с., налог;вариатор;передний;350 000 км;левый;4 поколение;белый;седан;2.0 TFSI Multitronic;;;
Audi;A4;2014;1469000;https://auto.drom.ru/moscow/audi/a4/359943237.html;Характеристики совпадают с ПТС;3 записи о регистрации;Не числится в розыске;Ограничений не обнаружено;Москве;бензин, 1.8 л;170 л.с., налог;вариатор;передний;119 350 км;левый;4 поколение, рестайлинг;черный;седан;;;;
Audi;A5;2014;1590000;https://auto.drom.ru/moscow/audi/a5/797867992.html;Год не совпадает с ПТС;3 записи о регистрации;Не числится в розыске;Ограничений не обнаружено;Москве;бензин, 2.0 л;225 л.с., налог;робот;4WD;216 000 км;левый;1 поколение, рестайлинг;черный;купе;2.0 TFSI quattro S Tronic Sport;;;
Audi;Q3;2014;1875000;https://auto.drom.ru/moscow/audi/q3/846569856.html;Характеристики совпадают с ПТС;1 запись о регистрации;Не числится в розыске;Ограничений не обнаружено;Москве;бензин, 2.0 л;170 л.с., налог;робот;4WD;124 901 км;левый;1 поколение;белый;;2.0 TFSI quattro S tronic;;;
Audi;A4;2014;2120000;https://auto.drom.ru/moscow/audi/a4/53977251.html;Характеристики совпадают с ПТС;4 записи о регистрации;Не числится в розыске;Ограничений не обнаружено;Москве;бензин, 2.0 л;225 л.с., налог;робот;4WD;137 500 км;левый;4 поколение, рестайлинг;черный;седан;2.0 TFSI quattro S Tronic Sport;;;
Audi;A1;2014;1200000;https://auto.drom.ru/spb/audi/a1/53668955.html;Характеристики совпадают с ПТС;7 записей о регистрации;Не числится в розыске;Ограничений не обнаружено;Санкт-Петербурге;бензин, 1.4 л;122 л.с., налог;робот;передний;92 000 км;левый;1 поколение;белый;хэтчбек 5 дв.;1.4 TFSI S tronic Attraction;;;
Audi;A3;2014;1288000;https://auto.drom.ru/spb/audi/a3/53666995.html;Характеристики совпадают с ПТС;2 записи о регистрации;Не числится в розыске;Ограничений не обнаружено;Санкт-Петербурге;бензин, 1.4 л;125 л.с., налог;робот;передний;117 700 км;левый;3 поколение;белый;седан;;;;
Audi;A3;2014;1400000;https://auto.drom.ru/moscow/audi/a3/53275778.html;Характеристики совпадают с ПТС;1 запись о регистрации;Не числится в розыске;Ограничений не обнаружено;Москве;бензин, 1.4 л;122 л.с., налог;автомат;передний;135 426 км;левый;;белый;седан;;;;
Audi;Q3;2014;1649990;https://auto.drom.ru/nizhniy-novgorod/audi/q3/53272809.html;Характеристики совпадают с ПТС;3 записи о регистрации;Не числится в розыске;Ограничений не обнаружено;Нижнем Новгороде;бензин, 2.0 л;170 л.с., налог;робот;4WD;159 650 км;левый;1 поколение;черный;;2.0 TFSI quattro S tronic;;;
Audi;A6;2014;2170000;https://auto.drom.ru/spb/audi/a6/52389342.html;Характеристики совпадают с ПТС;7 записей о регистрации;Не числится в розыске;Ограничений не обнаружено;Санкт-Петербурге;бензин, 2.0 л;180 л.с., налог;вариатор;передний;293 343 км;левый;4 поколение;черный;седан;2.0 TFSI Multitronic;;;
Audi;Q7;2014;2330000;https://auto.drom.ru/moscow/audi/q7/431588812.html;Характеристики совпадают с ПТС;3 записи о регистрации;Не числится в розыске;Ограничений не обнаружено;Москве;дизель, 3.0 л;245 л.с., налог;АКПП;4WD;203 004 км;левый;1 поколение, рестайлинг;черный;;;;;
Audi;Q5;2014;2400000;https://auto.drom.ru/vyborg/audi/q5/302279990.html;Характеристики совпадают с ПТС;3 записи о регистрации;Не числится в розыске;Ограничений не обнаружено;Выборге;бензин, 2.0 л;225 л.с., налог;АКПП;4WD;175 000 км;левый;1 поколение, рестайлинг;черный;;2.0 TFSI quattro tiptronic Comfort;;;
Audi;A4;2014;2180000;https://auto.drom.ru/moscow/audi/a4/53973764.html;Характеристики совпадают с ПТС;3 записи о регистрации;Не числится в розыске;Ограничений не обнаружено;Москве;бензин, 2.0 л;225 л.с., налог;робот;4WD;90 253 км;левый;4 поколение, рестайлинг;серый;седан;;;;
Audi;A3;2014;1400000;https://auto.drom.ru/shchelkovo/audi/a3/513794457.html;Характеристики совпадают с ПТС;2 записи о регистрации;Не числится в розыске;Ограничений не обнаружено;Щёлкове;бензин, 1.2 л;110 л.с., налог;робот;передний;94 500 км;левый;3 поколение;красный;хэтчбек 5 дв.;;;;
Audi;A5;2014;2010000;https://auto.drom.ru/moscow/audi/a5/679445368.html;Характеристики совпадают с ПТС;3 записи о регистрации;Не числится в розыске;Ограничений не обнаружено;Москве;бензин, 2.0 л;225 л.с., налог;робот;4WD;140 000 км;левый;1 поколение, рестайлинг;синий;лифтбек;;;;
Audi;Q3;2014;2070000;https://auto.drom.ru/moscow/audi/q3/736033170.html;Характеристики совпадают с ПТС;2 записи о регистрации;Не числится в розыске;Ограничений не обнаружено;Москве;бензин, 2.0 л;170 л.с., налог;робот;4WD;85 886 км;левый;1 поколение;синий;;2.0 TFSI quattro S tronic;;;
Audi;Q3;2014;1929000;https://auto.drom.ru/moscow/audi/q3/573598183.html;Характеристики совпадают с ПТС;1 запись о регистрации;Не числится в розыске;Ограничений не обнаружено;Москве;бензин, 2.0 л;170 л.с., налог;робот;4WD;115 700 км;левый;1 поколение;белый;;2.0 TFSI quattro S tronic;;;
Audi;A6 allroad quattro;2014;2749000;https://auto.drom.ru/moscow/audi/a6_allroad_quattro/584804757.html;Характеристики совпадают с ПТС;4 записи о регистрации;Не числится в розыске;Ограничений не обнаружено;Москве;дизель, 3.0 л;245 л.с., налог;робот;4WD;148 520 км;левый;3 поколение;коричневый;;;;;
Audi;A6;2014;2055000;https://auto.drom.ru/moscow/audi/a6/53969155.html;Характеристики совпадают с ПТС;2 записи о регистрации;Не числится в розыске;Ограничений не обнаружено;Москве;бензин, 2.8 л;204 л.с., налог;робот;4WD;118 586 км;левый;4 поколение;черный;седан;;;;
Audi;A3;2014;1615000;https://auto.drom.ru/kazan/audi/a3/53648835.html;Характеристики совпадают с ПТС;5 записей о регистрации;Не числится в розыске;Ограничений не обнаружено;Казани;бензин, 1.2 л;110 л.с., налог;робот;передний;116 577 км;левый;3 поколение;красный;хэтчбек 5 дв.;;;;
Audi;A4;2014;1318774;https://auto.drom.ru/kazan/audi/a4/53963087.html;Характеристики совпадают с ПТС;3 записи о регистрации;Не числится в розыске;Ограничений не обнаружено;Казани;бензин, 1.8 л;120 л.с., налог;вариатор;передний;282 188 км;левый;4 поколение, рестайлинг;черный;седан;;;;
Audi;Q5;2014;2020000;https://auto.drom.ru/bryansk/audi/q5/53227357.html;Характеристики совпадают с ПТС;1 запись о регистрации;Не числится в розыске;Ограничений не обнаружено;Брянске;бензин, 2.0 л;225 л.с., налог;АКПП;4WD;163 585 км;левый;1 поколение, рестайлинг;серый;;;;;
Audi;A3;2014;1450000;https://auto.drom.ru/moscow/audi/a3/51910135.html;Характеристики совпадают с ПТС;5 записей о регистрации;Не числится в розыске;Ограничений не обнаружено;Москве;бензин, 1.4 л;125 л.с., налог;робот;передний;170 000 км;левый;3 поколение;синий;седан;;;;
Audi;Q3;2014;1700000;https://auto.drom.ru/zaraysk/audi/q3/175443398.html;Характеристики совпадают с ПТС;3 записи о регистрации;Не числится в розыске;Ограничений не обнаружено;Зарайске;бензин, 2.0 л;170 л.с., налог;робот;4WD;152 077 км;левый;1 поколение;красный;;2.0 TFSI quattro S tronic;;;
Audi;A6;2014;1700000;https://auto.drom.ru/spb/audi/a6/326730002.html;Характеристики совпадают с ПТС;3 записи о регистрации;Не числится в розыске;Ограничений не обнаружено;Санкт-Петербурге;бензин, 2.0 л;180 л.с., налог;вариатор;передний;133 000 км;левый;4 поколение;черный;седан;;;;
Audi;A6;2014;1630000;https://auto.drom.ru/spb/audi/a6/53611569.html;Характеристики совпадают с ПТС;7 записей о регистрации;Не числится в розыске;Ограничений не обнаружено;Санкт-Петербурге;бензин, 2.0 л;180 л.с., налог;вариатор;передний;182 000 км;левый;4 поколение;;седан;2.0 TFSI Multitronic;;;
Audi;A3;2014;1332321;https://auto.drom.ru/spb/audi/a3/52771580.html;Характеристики совпадают с ПТС;4 записи о регистрации;Не числится в розыске;Ограничений не обнаружено;Санкт-Петербурге;бензин, 1.4 л;122 л.с., налог;автомат;передний;113 269 км;левый;;синий;седан;;;;
Audi;A4;2014;1745000;https://auto.drom.ru/moscow/audi/a4/247861845.html;Характеристики совпадают с ПТС;1 запись о регистрации;Не числится в розыске;Ограничений не обнаружено;Москве;бензин, 2.0 л;225 л.с., налог;робот;4WD;169 000 км;левый;4 поколение, рестайлинг;синий;седан;;;;
Audi;Q3;2014;1850000;https://auto.drom.ru/nizhniy-novgorod/audi/q3/448029122.html;Характеристики совпадают с ПТС;2 записи о регистрации;Не числится в розыске;Ограничений не обнаружено;Нижнем Новгороде;бензин, 2.0 л;170 л.с., налог;робот;4WD;140 000 км;левый;1 поколение;белый;;2.0 TFSI quattro S tronic;;;
Audi;A4;2014;1559789;https://auto.drom.ru/spb/audi/a4/53955652.html;Характеристики совпадают с ПТС;5 записей о регистрации;Не числится в розыске;Ограничений не обнаружено;Санкт-Петербурге;бензин, 2.0 л;225 л.с., налог;робот;4WD;174 506 км;левый;4 поколение, рестайлинг;коричневый;седан;;;;
Audi;Q3;2014;1372300;https://auto.drom.ru/moscow/audi/q3/53955054.html;Характеристики совпадают с ПТС;3 записи о регистрации;Не числится в розыске;Ограничений не обнаружено;Москве;бензин, 2.0 л;170 л.с., налог;робот;4WD;185 652 км;левый;1 поколение;белый;;2.0 TFSI quattro S tronic;;;
Audi;A4;2014;1900000;https://auto.drom.ru/moscow/audi/a4/397073277.html;Характеристики совпадают с ПТС;3 записи о регистрации;Не числится в розыске;Ограничений не обнаружено;Москве;бензин, 2.0 л;225 л.с., налог;робот;4WD;180 000 км;левый;4 поколение, рестайлинг;белый;седан;2.0 TFSI quattro S Tronic Sport;;;
Audi;Q5;2014;2050000;https://auto.drom.ru/moscow/audi/q5/53944241.html;Характеристики совпадают с ПТС;2 записи о регистрации;Не числится в розыске;Ограничений не обнаружено;Москве;бензин, 2.0 л;225 л.с., налог;АКПП;4WD;125 600 км;левый;1 поколение, рестайлинг;белый;;2.0 TFSI quattro tiptronic Comfort;;;
Audi;Q3;2014;1925000;https://auto.drom.ru/nizhniy-novgorod/audi/q3/53944625.html;Год не совпадает с ПТС;1 запись о регистрации;Не числится в розыске;Ограничений не обнаружено;Нижнем Новгороде;бензин, 2.0 л;170 л.с., налог;робот;4WD;120 000 км;левый;1 поколение;серый;;2.0 TFSI quattro S tronic;;;
Audi;A6;2014;1679000;https://auto.drom.ru/voronezh/audi/a6/494240615.html;Характеристики совпадают с ПТС;7 записей о регистрации;Не числится в розыске;Ограничений не обнаружено;Воронеже;бензин, 2.0 л;180 л.с., налог;вариатор;передний;119 365 км;левый;4 поколение;черный;седан;;;;
Audi;A4;2014;1675000;https://auto.drom.ru/moscow/audi/a4/53948202.html;Характеристики совпадают с ПТС;2 записи о регистрации;Не числится в розыске;Ограничений не обнаружено;Москве;бензин, 1.8 л;120 л.с., налог;вариатор;передний;77 463 км;левый;4 поколение, рестайлинг;серый;седан;;;;
Audi;Q5;2014;2299000;https://auto.drom.ru/kirov/audi/q5/53869828.html;Характеристики совпадают с ПТС;3 записи о регистрации;Не числится в розыске;Ограничений не обнаружено;Кирове;дизель, 2.0 л;177 л.с., налог;робот;4WD;172 000 км;левый;1 поколение, рестайлинг;черный;;2.0 TDI quattro S tronic Comfort;;;
Audi;Q5;2014;2140000;https://auto.drom.ru/moscow/audi/q5/540235362.html;Характеристики совпадают с ПТС;2 записи о регистрации;Не числится в розыске;Ограничений не обнаружено;Москве;бензин, 2.0 л;225 л.с., налог;АКПП;4WD;132 000 км;левый;1 поколение, рестайлинг;коричневый;;2.0 TFSI quattro tiptronic;;;
Audi;A5;2014;1770000;https://auto.drom.ru/moscow/audi/a5/389473970.html;Характеристики совпадают с ПТС;3 записи о регистрации;Не числится в розыске;Ограничений не обнаружено;Москве;бензин, 1.8 л;170 л.с., налог;вариатор;передний;210 000 км;левый;1 поколение, рестайлинг;синий;лифтбек;1.8 TFSI Multitronic Design;;;
Audi;A8;2014;3730000;https://auto.drom.ru/moscow/audi/a8/53131397.html;Характеристики совпадают с ПТС;2 записи о регистрации;Не числится в розыске;Ограничений не обнаружено;Москве;бензин, 3.0 л;310 л.с., налог;АКПП;4WD;80 317 км;левый;3 поколение, рестайлинг;черный;;;;;
Audi;A3;2014;1230000;https://auto.drom.ru/moscow/audi/a3/893146584.html;Характеристики совпадают с ПТС;5 записей о регистрации;Не числится в розыске;Ограничений не обнаружено;Москве;бензин, 1.2 л;110 л.с., налог;робот;передний;114 276 км;левый;3 поколение;серебристый;хэтчбек 5 дв.;;;;
Audi;A3;2014;1029000;https://auto.drom.ru/moscow/audi/a3/283524953.html;Характеристики совпадают с ПТС;2 записи о регистрации;Не числится в розыске;Ограничений не обнаружено;Москве;бензин, 1.2 л;105 л.с., налог;робот;передний;223 408 км;левый;3 поколение;красный;хэтчбек 5 дв.;;;;
Audi;A6;2014;1548000;https://auto.drom.ru/moscow/audi/a6/446126431.html;Характеристики совпадают с ПТС;2 записи о регистрации;Не числится в розыске;Ограничений не обнаружено;Москве;бензин, 2.0 л;180 л.с., налог;вариатор;передний;226 101 км;левый;4 поколение;черный;седан;;;;
Audi;Q5;2014;2265000;https://auto.drom.ru/moscow/audi/q5/52711566.html;Характеристики совпадают с ПТС;4 записи о регистрации;Не числится в розыске;Ограничений не обнаружено;Москве;дизель, 2.0 л;177 л.с., налог;робот;4WD;154 957 км;левый;1 поколение, рестайлинг;коричневый;;;;;
Audi;A6;2015;3116000;https://auto.drom.ru/spb/audi/a6/301413132.html;Характеристики совпадают с ПТС;2 записи о регистрации;Не числится в розыске;Ограничений не обнаружено;Санкт-Петербурге;дизель, 3.0 л;245 л.с., налог;робот;4WD;142 172 км;левый;4 поколение, рестайлинг;черный;седан;;;;
Audi;A6;2015;2500000;https://auto.drom.ru/belgorod/audi/a6/53031513.html;Характеристики совпадают с ПТС;4 записи о регистрации;Не числится в розыске;Ограничений не обнаружено;Белгороде;бензин, 1.8 л;190 л.с., налог;робот;передний;100 000 км;левый;4 поколение, рестайлинг;черный;седан;1.8 TFSI S tronic;;;
Audi;A4;2015;1258000;https://auto.drom.ru/moscow/audi/a4/52715112.html;Цвет не совпадает с ПТС;6 записей о регистрации;Не числится в розыске;Ограничений не обнаружено;Москве;бензин, 1.8 л;170 л.с., налог;вариатор;передний;208 151 км;левый;4 поколение, рестайлинг;белый;седан;;;;
Audi;A5;2015;2395000;https://auto.drom.ru/moscow/audi/a5/828486238.html;Характеристики совпадают с ПТС;1 запись о регистрации;Не числится в розыске;Ограничений не обнаружено;Москве;бензин, 1.8 л;170 л.с., налог;вариатор;передний;47 790 км;левый;1 поколение, рестайлинг;белый;лифтбек;;;;
Audi;Q3;2015;2099000;https://auto.drom.ru/moscow/audi/q3/199121124.html;Характеристики совпадают с ПТС;2 записи о регистрации;Не числится в розыске;Ограничений не обнаружено;Москве;бензин, 2.0 л;180 л.с., налог;робот;4WD;127 710 км;левый;1 поколение, рестайлинг;черный;;;;;
Audi;A5;2015;2199000;https://auto.drom.ru/spb/audi/a5/779853354.html;Характеристики совпадают с ПТС;1 запись о регистрации;Не числится в розыске;Ограничений не обнаружено;Санкт-Петербурге;бензин, 2.0 л;230 л.с., налог;робот;4WD;88 700 км;левый;1 поколение, рестайлинг;серый;купе;;;;
Audi;Q3;2015;2249000;https://auto.drom.ru/himki/audi/q3/350364682.html;Характеристики совпадают с ПТС;3 записи о регистрации;Не числится в розыске;Ограничений не обнаружено;Химках;бензин, 2.0 л;180 л.с., налог;робот;4WD;126 010 км;левый;1 поколение, рестайлинг;белый;;;;;
Audi;Q5;2015;2300000;https://auto.drom.ru/mozhaisk/audi/q5/53818672.html;Характеристики совпадают с ПТС;3 записи о регистрации;Не числится в розыске;Ограничений не обнаружено;Можайске;бензин, 2.0 л;225 л.с., налог;АКПП;4WD;179 000 км;левый;1 поколение, рестайлинг;белый;;;;;
Audi;A6;2015;2180000;https://auto.drom.ru/spb/audi/a6/53444638.html;Характеристики совпадают с ПТС;1 запись о регистрации;Не числится в розыске;Ограничений не обнаружено;Санкт-Петербурге;дизель, 2.0 л;190 л.с., налог;робот;передний;113 132 км;левый;4 поколение, рестайлинг;черный;седан;2.0 TDI ultra S Tronic;;;
Audi;A5;2015;1699999;https://auto.drom.ru/spb/audi/a5/53439318.html;Характеристики совпадают с ПТС;2 записи о регистрации;Не числится в розыске;Ограничений не обнаружено;Санкт-Петербурге;бензин, 1.8 л;170 л.с., налог;автомат;передний;208 000 км;левый;;коричневый;седан;;;;
Audi;Q3;2015;1869000;https://auto.drom.ru/voronezh/audi/q3/53013581.html;Характеристики совпадают с ПТС;1 запись о регистрации;Не числится в розыске;Ограничений не обнаружено;Воронеже;бензин, 2.0 л;180 л.с., налог;робот;4WD;178 877 км;левый;1 поколение, рестайлинг;белый;;;;;
Audi;A6;2015;2350700;https://auto.drom.ru/moscow/audi/a6/691531292.html;Характеристики совпадают с ПТС;2 записи о регистрации;Не числится в розыске;Ограничений не обнаружено;Москве;бензин, 2.0 л;249 л.с., налог;робот;4WD;141 342 км;левый;4 поколение, рестайлинг;черный;седан;;;;
Audi;A3;2015;1550000;https://auto.drom.ru/spb/audi/a3/946544468.html;Характеристики совпадают с ПТС;3 записи о регистрации;Не числится в розыске;Ограничений не обнаружено;Санкт-Петербурге;бензин, 1.4 л;125 л.с., налог;робот;передний;251 045 км;левый;3 поколение;белый;седан;1.4 TFSI S Tronic Ambiente;;;
Audi;Q7;2015;3850000;https://auto.drom.ru/moscow/audi/q7/54089274.html;Характеристики совпадают с ПТС;2 записи о регистрации;Не числится в розыске;Ограничений не обнаружено;Москве;дизель, 3.0 л;249 л.с., налог;АКПП;4WD;143 000 км;левый;2 поколение;черный;;;;;
Audi;Q5;2015;2304000;https://auto.drom.ru/moscow/audi/q5/656748695.html;Характеристики совпадают с ПТС;1 запись о регистрации;Не числится в розыске;Ограничений не обнаружено;Москве;бензин, 2.0 л;225 л.с., налог;АКПП;4WD;138 900 км;левый;1 поколение, рестайлинг;красный;;;;;
Audi;A7;2015;2618000;https://auto.drom.ru/kazan/audi/a7/54098070.html;Год не совпадает с ПТС;7 записей о регистрации;Не числится в розыске;Ограничений не обнаружено;Казани;бензин, 2.8 л;220 л.с., налог;робот;4WD;126 772 км;левый;1 поколение, рестайлинг;серый;;;;;
