Бренд;Модель;Год;Цена;URL;ПТС;Владельцы;Розыск;Ограничения;Город;Двигатель;Мощность;Коробка передач;Привод;Тип кузова;Цвет;Пробег;Руль;Поколение;Комплектация;Особые отметки;
BMW;7-Series;1999;2200000;https://auto.drom.ru/moscow/bmw/7-series/54140810.html;Характеристики совпадают с ПТС;12 записей о регистрации;Не числится в розыске;Ограничений не обнаружено;Москве;бензин, 4.4 л;286 л.с., налог;АКПП;задний;;черный;156 000 км;левый;3 поколение, рестайлинг;;;
BMW;5-Series;1999;420000;https://auto.drom.ru/arzamas/bmw/5-series/53482914.html;Характеристики совпадают с ПТС;10 записей о регистрации;Не числится в розыске;Ограничений не обнаружено;Арзамасе;бензин, 2.0 л;150 л.с., налог;механика;задний;седан;серый;220 000 км;левый;4 поколение;;;
BMW;X5;1999;750000;https://auto.drom.ru/moscow/bmw/x5/54095219.html;Характеристики совпадают с ПТС;6 записей о регистрации;Не числится в розыске;Ограничений не обнаружено;Москве;бензин, 4.4 л;286 л.с., налог;АКПП;4WD;;золотистый;300 010 км;левый;1 поколение;;;
BMW;5-Series;1999;360000;https://auto.drom.ru/murino/bmw/5-series/202418994.html;Характеристики совпадают с ПТС;15 записей о регистрации;Не числится в розыске;Ограничений не обнаружено;Мурино;бензин, 2.5 л;170 л.с., налог;АКПП;задний;седан;зеленый;270 000 км;левый;4 поколение;523i AT;;
BMW;5-Series;1999;1400000;https://auto.drom.ru/nizhniy-novgorod/bmw/5-series/53779114.html;Характеристики совпадают с ПТС;8 записей о регистрации;Не числится в розыске;Ограничений не обнаружено;Нижнем Новгороде;бензин, 2.8 л;193 л.с., налог;АКПП;задний;седан;серебристый;78 000 км;левый;4 поколение;528i AT;;
BMW;5-Series;1999;530000;https://auto.drom.ru/mtsensk/bmw/5-series/54056890.html;Характеристики совпадают с ПТС;10 записей о регистрации;Не числится в розыске;Есть ограничения;Мценске;бензин, 2.0 л;150 л.с., налог;механика;задний;седан;черный;452 000 км;левый;4 поколение;520i MT;;
BMW;7-Series;1999;600000;https://auto.drom.ru/orehovo-zuevo/bmw/7-series/54015482.html;Характеристики совпадают с ПТС;7 записей о регистрации;Не числится в розыске;Есть ограничения;Орехово-Зуево;бензин, 3.5 л;238 л.с., налог;АКПП;задний;;серый;300 000 км;левый;3 поколение, рестайлинг;;требуется ремонт или не на ходу;
BMW;3-Series;1999;888000;https://auto.drom.ru/moscow/bmw/3-series/51216383.html;Объем двигателя, мощность двигателя не совпадают с ПТС;5 записей о регистрации;Не числится в розыске;Ограничений не обнаружено;Москве;бензин, 2.5 л;170 л.с., налог;механика;задний;седан;;283 000 км;левый;4 поколение;323i MT;;
BMW;5-Series;1999;540000;https://auto.drom.ru/ulyanovsk/bmw/5-series/214769876.html;Объем двигателя, мощность двигателя не совпадают с ПТС;8 записей о регистрации;Не числится в розыске;Ограничений не обнаружено;Ульяновске;бензин, 2.0 л;150 л.с., налог;АКПП;задний;седан;черный;271 500 км;левый;4 поколение;;;
BMW;5-Series;1999;400000;https://auto.drom.ru/moscow/bmw/5-series/444426193.html;Характеристики совпадают с ПТС;12 записей о регистрации;Не числится в розыске;Ограничений не обнаружено;Москве;бензин, 2.5 л;170 л.с., налог;АКПП;задний;седан;серебристый;350 000 км;левый;4 поколение;523i AT;;
BMW;5-Series;1999;740000;https://auto.drom.ru/moscow/bmw/5-series/52376580.html;Характеристики совпадают с ПТС;10 записей о регистрации;Не числится в розыске;Ограничений не обнаружено;Москве;бензин, 2.8 л;193 л.с., налог;АКПП;задний;седан;черный;207 134 км;левый;4 поколение;528i AT;;
BMW;5-Series;1999;600000;https://auto.drom.ru/moscow/bmw/5-series/53695248.html;Характеристики совпадают с ПТС;8 записей о регистрации;Не числится в розыске;Ограничений не обнаружено;Москве;дизель, 2.9 л;184 л.с., налог;механика;задний;седан;черный;450 008 км;левый;4 поколение;530d MT;;
BMW;3-Series;1999;725000;https://auto.drom.ru/ramenskoe/bmw/3-series/837673800.html;Характеристики совпадают с ПТС;4 записи о регистрации;Не числится в розыске;Ограничений не обнаружено;Раменском;бензин, 2.0 л;150 л.с., налог;АКПП;задний;седан;голубой;340 000 км;левый;4 поколение;320i АT;;
BMW;5-Series;1999;355000;https://auto.drom.ru/velikiy-novgorod/bmw/5-series/869611425.html;Характеристики совпадают с ПТС;5 записей о регистрации;Не числится в розыске;Ограничений не обнаружено;Великом Новгороде;бензин, 2.5 л;170 л.с., налог;механика;задний;седан;серебристый;485 000 км;левый;4 поколение;;;
BMW;7-Series;1999;1200000;https://auto.drom.ru/tula/bmw/7-series/50740726.html;Характеристики совпадают с ПТС;10 записей о регистрации;Не числится в розыске;Ограничений не обнаружено;Туле;бензин, 4.4 л;286 л.с., налог;АКПП;задний;;серебристый;300 000 км;левый;3 поколение, рестайлинг;;;
BMW;5-Series;1999;250000;https://auto.drom.ru/donetsk/bmw/5-series/53663089.html;;;;;Донецке;дизель, 2.9 л;184 л.с., налог;механика;задний;седан;серебристый;168 000 км;левый;4 поколение;;требуется ремонт или не на ходу;
BMW;5-Series;1999;520000;https://auto.drom.ru/tambov/bmw/5-series/53260197.html;Характеристики совпадают с ПТС;4 записи о регистрации;Не числится в розыске;Ограничений не обнаружено;Тамбове;бензин, 2.0 л;150 л.с., налог;механика;задний;седан;черный;359 000 км;левый;4 поколение;520i MT;;
BMW;5-Series;1999;550000;https://auto.drom.ru/moscow/bmw/5-series/52361695.html;Характеристики совпадают с ПТС;5 записей о регистрации;Не числится в розыске;Ограничений не обнаружено;Москве;дизель, 2.5 л;143 л.с., налог;механика;задний;седан;серебристый;435 000 км;левый;4 поколение;;;
BMW;5-Series;1999;449000;https://auto.drom.ru/penza/bmw/5-series/864290941.html;Характеристики совпадают с ПТС;11 записей о регистрации;Не числится в розыске;Ограничений не обнаружено;Пензе;бензин, 2.0 л;150 л.с., налог;механика;задний;седан;черный;420 000 км;левый;4 поколение;;;
BMW;5-Series;1999;250000;https://auto.drom.ru/otradnoe/bmw/5-series/703207716.html;Характеристики совпадают с ПТС;5 записей о регистрации;Не числится в розыске;Есть ограничения;Отрадном;бензин, 2.0 л;150 л.с., налог;механика;задний;седан;зеленый;330 000 км;левый;4 поколение;;;
BMW;7-Series;1999;950000;https://auto.drom.ru/smorgon/bmw/7-series/52020727.html;;;;;Сморгони;бензин, 3.5 л;238 л.с., налог;АКПП;задний;;серый;410 000 км, без пробега по РФ;левый;3 поколение, рестайлинг;;;
BMW;5-Series;1999;580000;https://auto.drom.ru/moscow/bmw/5-series/559081732.html;Характеристики совпадают с ПТС;7 записей о регистрации;Не числится в розыске;Ограничений не обнаружено;Москве;бензин, 2.0 л;150 л.с., налог;механика;задний;седан;серебристый;362 000 км;левый;4 поколение;520i MT;;
BMW;5-Series;1999;540000;https://auto.drom.ru/udomlya/bmw/5-series/284035247.html;Год не совпадает с ПТС;7 записей о регистрации;Не числится в розыске;Ограничений не обнаружено;Удомле;бензин, 2.5 л;170 л.с., налог;АКПП;задний;седан;синий;264 200 км;левый;4 поколение;;;
BMW;5-Series;1999;460000;https://auto.drom.ru/moscow/bmw/5-series/567876227.html;Характеристики совпадают с ПТС;8 записей о регистрации;Не числится в розыске;Ограничений не обнаружено;Москве;бензин, 2.8 л;193 л.с., налог;АКПП;задний;седан;синий;288 800 км;левый;4 поколение;;;
BMW;3-Series;1999;490000;https://auto.drom.ru/podolsk/bmw/3-series/54070240.html;Характеристики совпадают с ПТС;17 записей о регистрации;Не числится в розыске;Ограничений не обнаружено;Подольске;бензин, 2.0 л;150 л.с., налог;АКПП;задний;седан;черный;420 000 км;левый;4 поколение;320i АT;;
BMW;3-Series;1999;560000;https://auto.drom.ru/kazan/bmw/3-series/53928976.html;Характеристики совпадают с ПТС;9 записей о регистрации;Не числится в розыске;Ограничений не обнаружено;Казани;бензин, 2.0 л;150 л.с., налог;АКПП;задний;седан;серебристый;220 000 км;левый;4 поколение;320i АT;;
BMW;3-Series;1999;470000;https://auto.drom.ru/gukovo/bmw/3-series/734061414.html;Характеристики совпадают с ПТС;5 записей о регистрации;Не числится в розыске;Ограничений не обнаружено;Гуково;бензин, 1.9 л;118 л.с., налог;АКПП;задний;седан;серебристый;460 000 км;левый;4 поколение;318i АT;;
BMW;3-Series;1999;750000;https://auto.drom.ru/spb/bmw/3-series/53916784.html;Характеристики совпадают с ПТС;7 записей о регистрации;Не числится в розыске;Ограничений не обнаружено;Санкт-Петербурге;бензин, 2.5 л;170 л.с., налог;АКПП;задний;седан;красный;380 000 км;левый;4 поколение;323i АT;;
BMW;5-Series;1999;450000;https://auto.drom.ru/voronezh/bmw/5-series/53094394.html;Характеристики совпадают с ПТС;4 записи о регистрации;Не числится в розыске;Ограничений не обнаружено;Воронеже;дизель, 2.5 л;143 л.с., налог;механика;задний;седан;синий;417 000 км;левый;4 поколение;;;
BMW;3-Series;1999;430000;https://auto.drom.ru/moscow/bmw/3-series/299909504.html;Характеристики совпадают с ПТС;3 записи о регистрации;Не числится в розыске;Ограничений не обнаружено;Москве;бензин, 1.9 л;118 л.с., налог;механика;задний;седан;серебристый;340 000 км;левый;4 поколение;318i MT;;
BMW;5-Series;1999;580000;https://auto.drom.ru/voronezh/bmw/5-series/52664828.html;Объем двигателя не совпадает с ПТС;11 записей о регистрации;Не числится в розыске;Ограничений не обнаружено;Воронеже;бензин, 2.5 л;170 л.с., налог;механика;задний;седан;серебристый;450 000 км;левый;4 поколение;523i MT;;
BMW;3-Series;1999;460000;https://auto.drom.ru/moscow/bmw/3-series/369574798.html;Характеристики совпадают с ПТС;10 записей о регистрации;Не числится в розыске;Ограничений не обнаружено;Москве;бензин, 2.0 л;150 л.с., налог;АКПП;задний;седан;черный;459 000 км;левый;4 поколение;320i АT;;
BMW;3-Series;1999;1199999;https://auto.drom.ru/kazan/bmw/3-series/875380851.html;Объем двигателя, мощность двигателя не совпадают с ПТС;6 записей о регистрации;Не числится в розыске;Ограничений не обнаружено;Казани;бензин, 3.0 л;300 л.с., налог;механика;задний;седан;серебристый;31 000 км;левый;4 поколение;;;
BMW;5-Series;1999;800000;https://auto.drom.ru/spb/bmw/5-series/412421122.html;Характеристики совпадают с ПТС;11 записей о регистрации;Не числится в розыске;Ограничений не обнаружено;Санкт-Петербурге;бензин, 2.5 л;170 л.с., налог;АКПП;задний;седан;черный;500 000 км;левый;4 поколение;523i AT;;
BMW;5-Series;1999;450000;https://auto.drom.ru/murom/bmw/5-series/54152879.html;Характеристики совпадают с ПТС;;Не числится в розыске;Ограничений не обнаружено;Муроме;бензин, 2.5 л;170 л.с., налог;механика;задний;седан;синий;355 000 км;левый;4 поколение;;;
BMW;5-Series;2000;700000;https://auto.drom.ru/pskov/bmw/5-series/197122344.html;Характеристики совпадают с ПТС;8 записей о регистрации;Не числится в розыске;Ограничений не обнаружено;Пскове;бензин, 2.5 л;170 л.с., налог;механика;задний;седан;черный;300 000 км;левый;4 поколение;;;
BMW;3-Series;2000;430000;https://auto.drom.ru/saratov/bmw/3-series/53841880.html;Характеристики совпадают с ПТС;6 записей о регистрации;Не числится в розыске;Ограничений не обнаружено;Саратове;бензин, 1.9 л;118 л.с., налог;механика;задний;седан;серебристый;350 000 км;левый;4 поколение;318i MT;;
BMW;5-Series;2000;710000;https://auto.drom.ru/nizhniy-novgorod/bmw/5-series/716559038.html;Характеристики совпадают с ПТС;8 записей о регистрации;Не числится в розыске;Ограничений не обнаружено;Нижнем Новгороде;бензин, 2.8 л;193 л.с., налог;АКПП;задний;седан;серебристый;200 000 км;левый;4 поколение;528i AT;;
BMW;5-Series;2000;380000;https://auto.drom.ru/spb/bmw/5-series/695979109.html;Характеристики совпадают с ПТС;7 записей о регистрации;Не числится в розыске;Ограничений не обнаружено;Санкт-Петербурге;бензин, 2.0 л;150 л.с., налог;механика;задний;седан;зеленый;300 000 км;левый;4 поколение;520i MT;;
BMW;5-Series;2000;620000;https://auto.drom.ru/moscow/bmw/5-series/155685907.html;Характеристики совпадают с ПТС;6 записей о регистрации;Не числится в розыске;Ограничений не обнаружено;Москве;бензин, 2.5 л;170 л.с., налог;АКПП;задний;седан;синий;202 000 км;левый;4 поколение;523i AT;;
BMW;5-Series;2000;1000000;https://auto.drom.ru/spb/bmw/5-series/570117640.html;Характеристики совпадают с ПТС;10 записей о регистрации;Не числится в розыске;Ограничений не обнаружено;Санкт-Петербурге;бензин, 2.8 л;193 л.с., налог;АКПП;задний;седан;синий;118 000 км;левый;4 поколение;528i AT;;
BMW;5-Series;2000;720000;https://auto.drom.ru/volgograd/bmw/5-series/54081948.html;Характеристики совпадают с ПТС;9 записей о регистрации;Не числится в розыске;Ограничений не обнаружено;Волгограде;бензин, 2.5 л;170 л.с., налог;АКПП;задний;седан;синий;420 000 км;левый;4 поколение;523i AT;;
BMW;X5;2000;950000;https://auto.drom.ru/balashiha/bmw/x5/53407258.html;Характеристики совпадают с ПТС;5 записей о регистрации;Не числится в розыске;Ограничений не обнаружено;Балашихе;бензин, 4.4 л;286 л.с., налог;АКПП;4WD;;черный;239 695 км;левый;1 поколение;;;
BMW;3-Series;2000;270000;https://auto.drom.ru/sovetsk-kirovsk/bmw/3-series/52969264.html;Характеристики совпадают с ПТС;3 записи о регистрации;Не числится в розыске;Есть ограничения;Советске;бензин, 1.9 л;105 л.с., налог;механика;задний;седан;зеленый;368 000 км;левый;4 поколение;316i MT;документы с проблемами, запрет;
BMW;X5;2000;800000;https://auto.drom.ru/moscow/bmw/x5/54063816.html;Характеристики совпадают с ПТС;5 записей о регистрации;Не числится в розыске;Ограничений не обнаружено;Москве;бензин, 3.0 л;231 л.с., налог;АКПП;4WD;;черный;300 000 км;левый;1 поколение;3.0i AT xDrive;;
BMW;3-Series;2000;475913;https://auto.drom.ru/minsk/bmw/3-series/789788545.html;;;;;Минске;бензин, 1.9 л;118 л.с., налог;механика;задний;седан;зеленый;473 000 км;левый;4 поколение;318i MT;;
BMW;3-Series;2000;700000;https://auto.drom.ru/moscow/bmw/3-series/52489185.html;Характеристики совпадают с ПТС;10 записей о регистрации;Не числится в розыске;Ограничений не обнаружено;Москве;бензин, 2.0 л;150 л.с., налог;АКПП;задний;купе;серебристый;295 136 км;левый;4 поколение;320Ci АT;;
BMW;3-Series;2000;900000;https://auto.drom.ru/moscow/bmw/3-series/182202973.html;Характеристики совпадают с ПТС;8 записей о регистрации;Не числится в розыске;Ограничений не обнаружено;Москве;бензин, 2.5 л;170 л.с., налог;механика;задний;купе;синий;470 000 км;левый;4 поколение;323Ci MT;;
BMW;7-Series;2000;600000;https://auto.drom.ru/moscow/bmw/7-series/777354618.html;Объем двигателя, мощность двигателя не совпадают с ПТС;7 записей о регистрации;Не числится в розыске;Ограничений не обнаружено;Москве;бензин, 5.4 л;326 л.с., налог;АКПП;задний;;черный;50 000 км;левый;3 поколение, рестайлинг;750i AT;;
BMW;7-Series;2000;820000;https://auto.drom.ru/himki/bmw/7-series/326018462.html;Характеристики совпадают с ПТС;4 записи о регистрации;Не числится в розыске;Ограничений не обнаружено;Химках;дизель, 2.9 л;184 л.с., налог;АКПП;задний;;серый;216 000 км;левый;3 поколение, рестайлинг;730d AT;;
BMW;5-Series;2000;604178;https://auto.drom.ru/minsk/bmw/5-series/165771219.html;;;;;Минске;дизель, 2.0 л;136 л.с., налог;механика;задний;универсал;черный;393 000 км;левый;4 поколение, рестайлинг;520d MT;;
BMW;3-Series;2000;570000;https://auto.drom.ru/moscow/bmw/3-series/738451568.html;Характеристики совпадают с ПТС;7 записей о регистрации;Не числится в розыске;Ограничений не обнаружено;Москве;бензин, 2.5 л;192 л.с., налог;АКПП;задний;седан;серебристый;313 723 км;левый;4 поколение;325i АT;;
BMW;5-Series;2000;570000;https://auto.drom.ru/smolensk/bmw/5-series/445686377.html;Характеристики совпадают с ПТС;7 записей о регистрации;Не числится в розыске;Ограничений не обнаружено;Смоленске;дизель, 2.5 л;163 л.с., налог;АКПП;задний;седан;черный;375 322 км;левый;4 поколение, рестайлинг;;;
BMW;3-Series;2000;600000;https://auto.drom.ru/selyatino/bmw/3-series/186199866.html;Характеристики совпадают с ПТС;7 записей о регистрации;Не числится в розыске;Ограничений не обнаружено;Селятино;бензин, 2.2 л;170 л.с., налог;механика;задний;купе;черный;353 000 км;левый;4 поколение;320Ci MT;;
BMW;3-Series;2000;1300000;https://auto.drom.ru/togliatti/bmw/3-series/258305566.html;Цвет не совпадает с ПТС;1 запись о регистрации;Не числится в розыске;Ограничений не обнаружено;Тольятти;бензин, 2.8 л;193 л.с., налог;АКПП;задний;купе;красный;287 000 км;левый;4 поколение;;;
BMW;3-Series;2000;590000;https://auto.drom.ru/kirov/bmw/3-series/53987893.html;Характеристики совпадают с ПТС;3 записи о регистрации;Не числится в розыске;Ограничений не обнаружено;Кирове;дизель, 2.0 л;136 л.с., налог;АКПП;задний;седан;серый;999 999 км;левый;4 поколение;320d АT;требуется ремонт или не на ходу;
BMW;5-Series;2000;650000;https://auto.drom.ru/spb/bmw/5-series/53673367.html;Характеристики совпадают с ПТС;10 записей о регистрации;Не числится в розыске;Есть ограничения;Санкт-Петербурге;дизель, 2.9 л;193 л.с., налог;механика;задний;седан;серебристый;411 000 км;левый;4 поколение, рестайлинг;530d MT;;
BMW;3-Series;2000;650000;https://auto.drom.ru/moscow/bmw/3-series/53672954.html;Год не совпадает с ПТС;3 записи о регистрации;Не числится в розыске;Ограничений не обнаружено;Москве;бензин, 2.8 л;193 л.с., налог;АКПП;задний;купе;серебристый;320 000 км;левый;4 поколение;328Ci АT;;
BMW;7-Series;2000;1400000;https://auto.drom.ru/moscow/bmw/7-series/53276611.html;Характеристики совпадают с ПТС;10 записей о регистрации;Не числится в розыске;Ограничений не обнаружено;Москве;бензин, 3.5 л;238 л.с., налог;АКПП;задний;;черный;250 000 км;левый;3 поколение, рестайлинг;735i AT;;
BMW;3-Series;2000;430000;https://auto.drom.ru/voronezh/bmw/3-series/106538447.html;;;;;Воронеже;бензин, 2.0 л;150 л.с., налог;механика;задний;седан;;;левый;4 поколение;320i MT;;
BMW;7-Series;2000;670000;https://auto.drom.ru/mogilev/bmw/7-series/53969485.html;;;;;Могилёве;дизель, 2.9 л;184 л.с., налог;АКПП;задний;;черный;379 000 км;левый;3 поколение, рестайлинг;730d AT;;
BMW;5-Series;2000;700000;https://auto.drom.ru/penza/bmw/5-series/53900389.html;Характеристики совпадают с ПТС;9 записей о регистрации;Не числится в розыске;Ограничений не обнаружено;Пензе;бензин, 4.4 л;286 л.с., налог;АКПП;задний;седан;черный;456 000 км;левый;4 поколение;540i AT;;
BMW;X5;2000;888000;https://auto.drom.ru/alexandrov/bmw/x5/421844403.html;Характеристики совпадают с ПТС;10 записей о регистрации;Не числится в розыске;Ограничений не обнаружено;Александрове;бензин, 3.0 л;231 л.с., налог;АКПП;4WD;;серебристый;400 000 км;левый;1 поколение;3.0i AT xDrive;;
BMW;3-Series;2000;520000;https://auto.drom.ru/bryansk/bmw/3-series/53962788.html;;;;;Брянске;бензин, 2.0 л;150 л.с., налог;АКПП;задний;седан;синий;220 000 км;левый;4 поколение;320i АT;документы с проблемами или отсутствуют;
BMW;5-Series;2000;900000;https://auto.drom.ru/moscow/bmw/5-series/53611343.html;Характеристики совпадают с ПТС;2 записи о регистрации;Не числится в розыске;Ограничений не обнаружено;Москве;бензин, 2.5 л;170 л.с., налог;АКПП;задний;седан;серый;175 000 км;левый;4 поколение;523i AT;;
BMW;X5;2000;1250000;https://auto.drom.ru/moscow/bmw/x5/53592543.html;Характеристики совпадают с ПТС;10 записей о регистрации;Не числится в розыске;Ограничений не обнаружено;Москве;дизель, 3.0 л;184 л.с., налог;автомат;4WD;;серебристый;390 000 км;левый;1 поколение;;;
BMW;5-Series;2000;470000;https://auto.drom.ru/alexeevka/bmw/5-series/53524000.html;Характеристики совпадают с ПТС;17 записей о регистрации;Не числится в розыске;Ограничений не обнаружено;Алексеевке;бензин, 2.5 л;170 л.с., налог;АКПП;задний;седан;черный;;левый;4 поколение;;;
BMW;5-Series;2000;1500000;https://auto.drom.ru/balashov/bmw/5-series/53099711.html;Характеристики совпадают с ПТС;6 записей о регистрации;Не числится в розыске;Есть ограничения;Балашове;бензин, 4.4 л;286 л.с., налог;АКПП;задний;седан;серый;180 700 км;левый;4 поколение, рестайлинг;540i AT;;
BMW;5-Series;2000;660000;https://auto.drom.ru/moscow/bmw/5-series/891337483.html;;;;;Москве;бензин, 2.8 л;193 л.с., налог;АКПП;задний;седан;черный;335 000 км;левый;4 поколение;;;
BMW;3-Series;2000;277000;https://auto.drom.ru/tambov/bmw/3-series/53113548.html;Год не совпадает с ПТС;13 записей о регистрации;Не числится в розыске;Есть ограничения;Тамбове;бензин, 1.9 л;118 л.с., налог;АКПП;задний;седан;черный;145 000 км;левый;4 поколение;;документы с проблемами или отсутствуют;
BMW;X5;2000;650000;https://auto.drom.ru/spb/bmw/x5/530575815.html;Характеристики совпадают с ПТС;11 записей о регистрации;Не числится в розыске;Ограничений не обнаружено;Санкт-Петербурге;бензин, 4.4 л;286 л.с., налог;АКПП;4WD;;синий;250 000 км;левый;1 поколение;4.4i AT xDrive;;
BMW;3-Series;2000;950000;https://auto.drom.ru/spb/bmw/3-series/54155108.html;Характеристики совпадают с ПТС;6 записей о регистрации;Не числится в розыске;Ограничений не обнаружено;Санкт-Петербурге;бензин, 3.0 л;231 л.с., налог;АКПП;задний;купе;синий;300 000 км;левый;4 поколение;;;
BMW;3-Series;2000;390000;https://auto.drom.ru/mytishchi/bmw/3-series/54149663.html;Характеристики совпадают с ПТС;10 записей о регистрации;Не числится в розыске;Ограничений не обнаружено;Мытищах;бензин, 1.9 л;118 л.с., налог;механика;задний;седан;черный;414 500 км;левый;4 поколение;318i MT;;
BMW;5-Series;2000;860000;https://auto.drom.ru/volzhskiy/bmw/5-series/53473198.html;Характеристики совпадают с ПТС;;Не числится в розыске;Ограничений не обнаружено;Волжском;бензин, 2.5 л;170 л.с., налог;АКПП;задний;седан;серый;225 000 км;левый;4 поколение;523i AT;;
BMW;X5;2000;715000;https://auto.drom.ru/moscow/bmw/x5/53489422.html;Характеристики совпадают с ПТС;;Не числится в розыске;Ограничений не обнаружено;Москве;бензин, 4.4 л;286 л.с., налог;АКПП;4WD;;серый;118 000 км;левый;1 поколение;4.4i AT xDrive;;
BMW;5-Series;2001;1150000;https://auto.drom.ru/dolgoprudniy/bmw/5-series/707099667.html;Характеристики совпадают с ПТС;2 записи о регистрации;Не числится в розыске;Ограничений не обнаружено;Долгопрудном;бензин, 3.0 л;231 л.с., налог;АКПП;задний;седан;серебристый;208 860 км;левый;4 поколение, рестайлинг;530i AT;;
BMW;3-Series;2001;1500000;https://auto.drom.ru/moscow/bmw/3-series/53824703.html;Характеристики совпадают с ПТС;7 записей о регистрации;Не числится в розыске;Ограничений не обнаружено;Москве;бензин, 3.0 л;231 л.с., налог;АКПП;задний;купе;коричневый;345 000 км;левый;4 поколение;;;
BMW;3-Series;2001;890000;https://auto.drom.ru/moscow/bmw/3-series/330337264.html;Характеристики совпадают с ПТС;8 записей о регистрации;Не числится в розыске;Ограничений не обнаружено;Москве;бензин, 3.0 л;231 л.с., налог;механика;задний;купе;желтый;330 000 км;левый;4 поколение;330Ci MT;;
BMW;5-Series;2001;790000;https://auto.drom.ru/egorievsk/bmw/5-series/407516894.html;Характеристики совпадают с ПТС;10 записей о регистрации;Не числится в розыске;Ограничений не обнаружено;Егорьевске;бензин, 2.5 л;192 л.с., налог;механика;задний;седан;черный;360 000 км;левый;4 поколение, рестайлинг;525i MT;;
BMW;3-Series;2001;620000;https://auto.drom.ru/volgograd/bmw/3-series/53438043.html;Характеристики совпадают с ПТС;9 записей о регистрации;Не числится в розыске;Ограничений не обнаружено;Волгограде;бензин, 2.2 л;170 л.с., налог;АКПП;задний;седан;;350 000 км;левый;4 поколение, рестайлинг;;;
BMW;5-Series;2001;335000;https://auto.drom.ru/moscow/bmw/5-series/54067444.html;Характеристики совпадают с ПТС;5 записей о регистрации;Не числится в розыске;Есть ограничения;Москве;бензин, 3.0 л;231 л.с., налог;АКПП;задний;седан;синий;150 000 км;левый;4 поколение, рестайлинг;530i AT;документы с проблемами, запрет на регистрацию;
BMW;5-Series;2001;850000;https://auto.drom.ru/kirov/bmw/5-series/54045912.html;Объем двигателя, мощность двигателя не совпадают с ПТС;8 записей о регистрации;Не числится в розыске;Ограничений не обнаружено;Кирове;бензин, 3.0 л;231 л.с., налог;механика;задний;седан;черный;330 000 км;левый;4 поколение, рестайлинг;;;
BMW;3-Series;2001;700000;https://auto.drom.ru/moscow/bmw/3-series/218269997.html;Характеристики совпадают с ПТС;6 записей о регистрации;Не числится в розыске;Ограничений не обнаружено;Москве;бензин, 2.2 л;170 л.с., налог;АКПП;задний;седан;серый;323 615 км;левый;4 поколение;;требуется ремонт или не на ходу;
BMW;5-Series;2001;899990;https://auto.drom.ru/kursk/bmw/5-series/53737799.html;Характеристики совпадают с ПТС;11 записей о регистрации;Не числится в розыске;Ограничений не обнаружено;Курске;бензин, 3.0 л;231 л.с., налог;АКПП;задний;седан;черный;460 000 км;левый;4 поколение, рестайлинг;530i AT;;
BMW;3-Series;2001;650000;https://auto.drom.ru/kuznetsk/bmw/3-series/53730260.html;Характеристики совпадают с ПТС;13 записей о регистрации;Не числится в розыске;Ограничений не обнаружено;Кузнецке;бензин, 1.9 л;105 л.с., налог;механика;задний;седан;синий;250 000 км;левый;4 поколение;316i MT;;
BMW;3-Series;2001;650000;https://auto.drom.ru/kuznetsk/bmw/3-series/259295697.html;Характеристики совпадают с ПТС;13 записей о регистрации;Не числится в розыске;Ограничений не обнаружено;Кузнецке;бензин, 1.9 л;105 л.с., налог;механика;задний;седан;синий;250 000 км;левый;4 поколение;316i MT;;
BMW;5-Series;2001;780000;https://auto.drom.ru/spb/bmw/5-series/53997094.html;Характеристики совпадают с ПТС;9 записей о регистрации;Не числится в розыске;Ограничений не обнаружено;Санкт-Петербурге;бензин, 2.2 л, ГБО;170 л.с., налог;АКПП;задний;седан;серебристый;255 000 км;левый;4 поколение, рестайлинг;;;
BMW;3-Series;2001;710000;https://auto.drom.ru/kazan/bmw/3-series/53309616.html;Характеристики совпадают с ПТС;11 записей о регистрации;Не числится в розыске;Ограничений не обнаружено;Казани;бензин, 2.5 л;192 л.с., налог;АКПП;4WD;седан;серебристый;350 000 км;левый;4 поколение, рестайлинг;;;
BMW;3-Series;2001;850000;https://auto.drom.ru/kamenka/bmw/3-series/913054544.html;Характеристики совпадают с ПТС;9 записей о регистрации;Не числится в розыске;Ограничений не обнаружено;Каменке;бензин, 2.2 л;170 л.с., налог;АКПП;задний;купе;фиолетовый;240 000 км;левый;4 поколение;320Ci АT;;
BMW;5-Series;2001;1000000;https://auto.drom.ru/roshchino/bmw/5-series/52794521.html;Характеристики совпадают с ПТС;12 записей о регистрации;Не числится в розыске;Ограничений не обнаружено;Рощино;бензин, 2.2 л;170 л.с., налог;АКПП;задний;седан;черный;270 000 км;левый;4 поколение, рестайлинг;;;
BMW;X5;2001;850000;https://auto.drom.ru/voronezh/bmw/x5/750598015.html;Характеристики совпадают с ПТС;11 записей о регистрации;Не числится в розыске;Ограничений не обнаружено;Воронеже;бензин, 3.0 л;231 л.с., налог;АКПП;4WD;;золотистый;285 000 км;левый;1 поколение;3.0i AT xDrive;;
BMW;5-Series;2001;675000;https://auto.drom.ru/moscow/bmw/5-series/463704268.html;Характеристики совпадают с ПТС;3 записи о регистрации;Не числится в розыске;Ограничений не обнаружено;Москве;бензин, 2.5 л;192 л.с., налог;АКПП;задний;седан;серебристый;333 000 км;левый;4 поколение, рестайлинг;;;
BMW;3-Series;2001;580000;https://auto.drom.ru/moscow/bmw/3-series/552587446.html;Характеристики совпадают с ПТС;15 записей о регистрации;Не числится в розыске;Ограничений не обнаружено;Москве;бензин, 2.2 л;170 л.с., налог;механика;задний;седан;черный;150 000 км;левый;4 поколение;320i MT;;
BMW;X5;2001;666000;https://auto.drom.ru/moscow/bmw/x5/46880328.html;Характеристики совпадают с ПТС;6 записей о регистрации;Не числится в розыске;Ограничений не обнаружено;Москве;бензин, 4.4 л;286 л.с., налог;АКПП;4WD;;синий;301 000 км;левый;1 поколение;4.4i AT xDrive;;
BMW;3-Series;2001;800000;https://auto.drom.ru/yaroslavl/bmw/3-series/883023002.html;Характеристики совпадают с ПТС;5 записей о регистрации;Не числится в розыске;Ограничений не обнаружено;Ярославле;бензин, 2.5 л;192 л.с., налог;АКПП;4WD;седан;синий;295 000 км;левый;4 поколение, рестайлинг;;;
BMW;5-Series;2001;300000;https://auto.drom.ru/moscow/bmw/5-series/147895386.html;Мощность двигателя не совпадает с ПТС;2 записи о регистрации;Не числится в розыске;Ограничений не обнаружено;Москве;дизель, 2.9 л;193 л.с., налог;АКПП;задний;седан;черный;395 000 км;левый;4 поколение, рестайлинг;530d AT;требуется ремонт или не на ходу;
BMW;5-Series;2001;400000;https://auto.drom.ru/rastunovo/bmw/5-series/51087865.html;Характеристики совпадают с ПТС;10 записей о регистрации;Не числится в розыске;Ограничений не обнаружено;Растунове;бензин, 2.2 л;170 л.с., налог;механика;задний;седан;синий;350 000 км;левый;4 поколение, рестайлинг;520i MT;;
BMW;X5;2001;1100000;https://auto.drom.ru/moscow/bmw/x5/51079123.html;Характеристики совпадают с ПТС;13 записей о регистрации;Не числится в розыске;Ограничений не обнаружено;Москве;бензин, 3.0 л;231 л.с., налог;АКПП;4WD;;черный;200 000 км;левый;1 поколение;3.0i AT xDrive;;
BMW;3-Series;2001;550000;https://auto.drom.ru/luga/bmw/3-series/53761968.html;Характеристики совпадают с ПТС;12 записей о регистрации;Не числится в розыске;Ограничений не обнаружено;Луге;бензин, 1.9 л;118 л.с., налог;АКПП;задний;седан;серебристый;370 000 км;левый;4 поколение;;;
BMW;3-Series;2001;599900;https://auto.drom.ru/nizhniy-novgorod/bmw/3-series/457004898.html;Характеристики совпадают с ПТС;5 записей о регистрации;Не числится в розыске;Ограничений не обнаружено;Нижнем Новгороде;бензин, 1.9 л;118 л.с., налог;АКПП;задний;седан;синий;280 000 км;левый;4 поколение;;;
BMW;X5;2001;1350000;https://auto.drom.ru/moscow/bmw/x5/52690147.html;Характеристики совпадают с ПТС;;Не числится в розыске;Ограничений не обнаружено;Москве;бензин, 3.0 л;231 л.с., налог;АКПП;4WD;;красный;266 000 км;левый;1 поколение;3.0i AT xDrive;;
BMW;X5;2001;970000;https://auto.drom.ru/spb/bmw/x5/256439560.html;Характеристики совпадают с ПТС;6 записей о регистрации;Не числится в розыске;Ограничений не обнаружено;Санкт-Петербурге;бензин, 3.0 л;231 л.с., налог;АКПП;4WD;;синий;285 000 км;левый;1 поколение;;;
BMW;5-Series;2001;710000;https://auto.drom.ru/engels/bmw/5-series/375900056.html;Характеристики совпадают с ПТС;9 записей о регистрации;Не числится в розыске;Ограничений не обнаружено;Энгельсе;бензин, 2.5 л;192 л.с., налог;механика;задний;седан;синий;270 000 км;левый;4 поколение, рестайлинг;525i MT;;
BMW;X5;2001;1050000;https://auto.drom.ru/smolensk/bmw/x5/52635675.html;Характеристики совпадают с ПТС;5 записей о регистрации;Не числится в розыске;Ограничений не обнаружено;Смоленске;бензин, 3.0 л;231 л.с., налог;АКПП;4WD;;серебристый;708 000 км;левый;1 поколение;3.0i AT xDrive;;
BMW;3-Series;2001;520000;https://auto.drom.ru/spb/bmw/3-series/485355399.html;Характеристики совпадают с ПТС;14 записей о регистрации;Не числится в розыске;Ограничений не обнаружено;Санкт-Петербурге;бензин, 2.5 л;192 л.с., налог;механика;задний;седан;голубой;362 000 км;левый;4 поколение;;;
BMW;5-Series;2001;1000000;https://auto.drom.ru/togliatti/bmw/5-series/923784957.html;Характеристики совпадают с ПТС;3 записи о регистрации;Не числится в розыске;Ограничений не обнаружено;Тольятти;дизель, 2.5 л;163 л.с., налог;АКПП;задний;седан;серебристый;523 000 км;левый;4 поколение, рестайлинг;;;
BMW;X5;2001;1050000;https://auto.drom.ru/nizhniy-novgorod/bmw/x5/53787880.html;Характеристики совпадают с ПТС;9 записей о регистрации;Не числится в розыске;Ограничений не обнаружено;Нижнем Новгороде;бензин, 3.0 л;231 л.с., налог;АКПП;4WD;;серый;352 556 км;левый;1 поколение;3.0i AT xDrive;;
BMW;X5;2001;800000;https://auto.drom.ru/moscow/bmw/x5/53876488.html;Характеристики совпадают с ПТС;13 записей о регистрации;Не числится в розыске;Ограничений не обнаружено;Москве;бензин, 4.4 л;286 л.с., налог;АКПП;4WD;;серебристый;100 000 км;левый;1 поколение;4.4i AT xDrive;;
BMW;5-Series;2001;790000;https://auto.drom.ru/spb/bmw/5-series/54154589.html;Характеристики совпадают с ПТС;;Не числится в розыске;Ограничений не обнаружено;Санкт-Петербурге;бензин, 2.5 л;192 л.с., налог;АКПП;задний;седан;черный;350 000 км;левый;4 поколение, рестайлинг;525i AT;;
BMW;5-Series;2001;599000;https://auto.drom.ru/saransk/bmw/5-series/54146198.html;Характеристики совпадают с ПТС;12 записей о регистрации;Не числится в розыске;Ограничений не обнаружено;Саранске;бензин, 3.0 л;231 л.с., налог;механика;задний;седан;черный;301 000 км;левый;4 поколение, рестайлинг;530i MT;;
BMW;3-Series;2001;430000;https://auto.drom.ru/moscow/bmw/3-series/53864964.html;Характеристики совпадают с ПТС;;Не числится в розыске;Ограничений не обнаружено;Москве;бензин, 2.2 л;170 л.с., налог;механика;задний;седан;синий;415 000 км;левый;4 поколение, рестайлинг;320i MT;требуется ремонт или не на ходу;
BMW;7-Series;2002;530000;https://auto.drom.ru/moscow/bmw/7-series/54137195.html;Характеристики совпадают с ПТС;23 записи о регистрации;Не числится в розыске;Ограничений не обнаружено;Москве;бензин, 4.4 л;333 л.с., налог;АКПП;задний;;серебристый;220 000 км;левый;4 поколение;745Li AT;;
BMW;7-Series;2002;990000;https://auto.drom.ru/moscow/bmw/7-series/54117159.html;Характеристики совпадают с ПТС;6 записей о регистрации;Не числится в розыске;Ограничений не обнаружено;Москве;дизель, 3.0 л;218 л.с., налог;АКПП;задний;;серый;402 000 км;левый;4 поколение;730d AT;;
BMW;X5;2002;1100000;https://auto.drom.ru/sergiev-posad/bmw/x5/53451331.html;Характеристики совпадают с ПТС;3 записи о регистрации;Не числится в розыске;Ограничений не обнаружено;Сергиевом Посаде;бензин, 3.0 л;231 л.с., налог;АКПП;4WD;;серебристый;293 500 км;левый;1 поколение;;;
BMW;X5;2002;1250000;https://auto.drom.ru/himki/bmw/x5/53449225.html;;;;;Химках;дизель, 2.9 л;184 л.с., налог;АКПП;4WD;;черный;600 000 км;левый;1 поколение;3.0d AT xDrive;;
BMW;3-Series;2002;1500000;https://auto.drom.ru/moscow/bmw/3-series/47168945.html;Характеристики совпадают с ПТС;6 записей о регистрации;Не числится в розыске;Ограничений не обнаружено;Москве;бензин, 3.0 л;231 л.с., налог;механика;задний;купе;синий;330 000 км;левый;4 поколение;330Ci MT;;
BMW;5-Series;2002;800000;https://auto.drom.ru/sosnoviy-bor/bmw/5-series/548169822.html;Характеристики совпадают с ПТС;5 записей о регистрации;Не числится в розыске;Ограничений не обнаружено;Сосновом Бору;дизель, 2.9 л;193 л.с., налог;АКПП;задний;универсал;серебристый;280 000 км;левый;4 поколение, рестайлинг;;;
BMW;3-Series;2002;670000;https://auto.drom.ru/yaroslavl/bmw/3-series/54082481.html;Характеристики совпадают с ПТС;9 записей о регистрации;Не числится в розыске;Ограничений не обнаружено;Ярославле;бензин, 1.8 л;116 л.с., налог;механика;задний;седан;зеленый;290 000 км;левый;4 поколение, рестайлинг;316i MT;;
BMW;5-Series;2002;990000;https://auto.drom.ru/ryazhsk/bmw/5-series/51681282.html;Характеристики совпадают с ПТС;2 записи о регистрации;Не числится в розыске;Ограничений не обнаружено;Ряжске;бензин, 2.2 л, ГБО;170 л.с., налог;АКПП;задний;седан;синий;213 000 км;левый;4 поколение, рестайлинг;520i AT;;
BMW;3-Series;2002;899000;https://auto.drom.ru/moscow/bmw/3-series/720609699.html;Характеристики совпадают с ПТС;5 записей о регистрации;Не числится в розыске;Ограничений не обнаружено;Москве;бензин, 2.5 л;192 л.с., налог;АКПП;задний;купе;голубой;250 000 км;левый;4 поколение;;;
BMW;3-Series;2002;850000;https://auto.drom.ru/volgograd/bmw/3-series/435467472.html;Характеристики совпадают с ПТС;11 записей о регистрации;Не числится в розыске;Ограничений не обнаружено;Волгограде;бензин, 3.0 л;231 л.с., налог;АКПП;задний;купе;черный;335 000 км;левый;4 поколение;330Ci АT;;
BMW;3-Series;2002;628297;https://auto.drom.ru/minsk/bmw/3-series/53768040.html;;;;;Минске;дизель, 2.0 л;150 л.с., налог;механика;задний;седан;черный;446 016 км;левый;4 поколение, рестайлинг;;;
BMW;5-Series;2002;460000;https://auto.drom.ru/volzhskiy/bmw/5-series/710630307.html;Характеристики совпадают с ПТС;7 записей о регистрации;Не числится в розыске;Ограничений не обнаружено;Волжском;дизель, 2.5 л;163 л.с., налог;АКПП;задний;седан;серый;460 000 км;левый;4 поколение, рестайлинг;525d AT;;
BMW;5-Series;2002;860000;https://auto.drom.ru/moscow/bmw/5-series/568447795.html;Характеристики совпадают с ПТС;7 записей о регистрации;Не числится в розыске;Ограничений не обнаружено;Москве;бензин, 2.5 л;192 л.с., налог;АКПП;задний;седан;черный;421 000 км;левый;4 поколение, рестайлинг;525i AT;;
BMW;3-Series;2002;385000;https://auto.drom.ru/voronezh/bmw/3-series/53377942.html;Характеристики совпадают с ПТС;6 записей о регистрации;Не числится в розыске;Ограничений не обнаружено;Воронеже;бензин, 1.8 л;116 л.с., налог;механика;задний;седан;красный;300 000 км;левый;4 поколение, рестайлинг;316i MT;;
BMW;3-Series;2002;485000;https://auto.drom.ru/lyubertsy/bmw/3-series/52910189.html;;;;;Люберцах;бензин, 1.8 л;116 л.с., налог;механика;задний;седан;черный;370 000 км;левый;4 поколение, рестайлинг;316i MT;документы с проблемами или отсутствуют;
BMW;5-Series;2002;690000;https://auto.drom.ru/moscow/bmw/5-series/910847858.html;Характеристики совпадают с ПТС;7 записей о регистрации;Не числится в розыске;Ограничений не обнаружено;Москве;дизель, 2.5 л;163 л.с., налог;АКПП;задний;универсал;черный;290 000 км;левый;4 поколение, рестайлинг;;;
BMW;5-Series;2002;550000;https://auto.drom.ru/bronnitsy/bmw/5-series/511485612.html;Характеристики совпадают с ПТС;3 записи о регистрации;Не числится в розыске;Ограничений не обнаружено;Бронницах;бензин, 2.5 л;192 л.с., налог;механика;задний;седан;синий;158 630 км;левый;4 поколение, рестайлинг;525i MT;;
BMW;3-Series;2002;530000;https://auto.drom.ru/spb/bmw/3-series/53720646.html;Характеристики совпадают с ПТС;12 записей о регистрации;Не числится в розыске;Ограничений не обнаружено;Санкт-Петербурге;бензин, 1.8 л;116 л.с., налог;механика;задний;универсал;черный;280 000 км;левый;4 поколение, рестайлинг;316i MT;;
BMW;5-Series;2002;715000;https://auto.drom.ru/obninsk/bmw/5-series/54003339.html;Характеристики совпадают с ПТС;7 записей о регистрации;Не числится в розыске;Ограничений не обнаружено;Обнинске;бензин, 2.5 л;192 л.с., налог;механика;задний;седан;синий;298 266 км;левый;4 поколение, рестайлинг;525i MT;;
BMW;3-Series;2002;650000;https://auto.drom.ru/moscow/bmw/3-series/53992251.html;Характеристики совпадают с ПТС;4 записи о регистрации;Не числится в розыске;Есть ограничения;Москве;бензин, 2.0 л;143 л.с., налог;АКПП;задний;седан;серый;280 000 км;левый;4 поколение, рестайлинг;318i AT;требуется ремонт или не на ходу, документы с проблемами, на полном ходу;
BMW;3-Series;2002;760000;https://auto.drom.ru/moscow/bmw/3-series/835221806.html;Характеристики совпадают с ПТС;3 записи о регистрации;Не числится в розыске;Ограничений не обнаружено;Москве;бензин, 2.2 л;170 л.с., налог;АКПП;задний;седан;серый;320 000 км;левый;4 поколение, рестайлинг;320i АT;;
BMW;7-Series;2002;450000;https://auto.drom.ru/spb/bmw/7-series/53678801.html;Характеристики совпадают с ПТС;10 записей о регистрации;Не числится в розыске;Есть ограничения;Санкт-Петербурге;бензин, 4.4 л;333 л.с., налог;АКПП;задний;;черный;319 574 км;левый;4 поколение;745i AT;;
BMW;7-Series;2002;500000;https://auto.drom.ru/lodeynoe-pole/bmw/7-series/195443713.html;Характеристики совпадают с ПТС;11 записей о регистрации;Не числится в розыске;Ограничений не обнаружено;Лодейном Поле;бензин, 3.6 л;272 л.с., налог;АКПП;задний;;серый;289 000 км;левый;4 поколение;735i AT;;
BMW;3-Series;2002;549000;https://auto.drom.ru/kirov/bmw/3-series/374802966.html;Характеристики совпадают с ПТС;2 записи о регистрации;Не числится в розыске;Ограничений не обнаружено;Кирове;бензин, 1.8 л;116 л.с., налог;механика;задний;лифтбек;синий;108 000 км;левый;4 поколение, рестайлинг;316ti MT;;
BMW;3-Series;2002;560000;https://auto.drom.ru/saratov/bmw/3-series/619129737.html;Характеристики совпадают с ПТС;17 записей о регистрации;Не числится в розыске;Ограничений не обнаружено;Саратове;бензин, 2.0 л;143 л.с., налог;АКПП;задний;седан;серебристый;364 500 км;левый;4 поколение, рестайлинг;318i AT;;
BMW;3-Series;2002;1250000;https://auto.drom.ru/lipetsk/bmw/3-series/53545997.html;Характеристики совпадают с ПТС;10 записей о регистрации;Не числится в розыске;Ограничений не обнаружено;Липецке;бензин, 2.5 л;192 л.с., налог;механика;задний;купе;белый;286 000 км;левый;4 поколение;325Ci MT;;
BMW;3-Series;2002;190000;https://auto.drom.ru/spb/bmw/3-series/53218194.html;Характеристики совпадают с ПТС;5 записей о регистрации;Не числится в розыске;Есть ограничения;Санкт-Петербурге;бензин, 1.8 л;116 л.с., налог;АКПП;задний;седан;черный;450 000 км;левый;4 поколение, рестайлинг;316i AT;документы с проблемами, запрет, на учете стоит;
BMW;Z3;2002;1550000;https://auto.drom.ru/moscow/bmw/z3/53196639.html;Характеристики совпадают с ПТС;4 записи о регистрации;Не числится в розыске;Есть ограничения;Москве;бензин, 2.2 л;171 л.с., налог;автомат;задний;открытый;фиолетовый;234 000 км;левый;1 поколение, рестайлинг;;;
BMW;7-Series;2002;787000;https://auto.drom.ru/bobrujsk/bmw/7-series/620024640.html;Характеристики совпадают с ПТС;3 записи о регистрации;Не числится в розыске;Ограничений не обнаружено;Бобруйске;бензин, 4.4 л;333 л.с., налог;АКПП;задний;;фиолетовый;285 000 км;левый;4 поколение;745Li AT;;
BMW;X5;2002;1000000;https://auto.drom.ru/lobnya/bmw/x5/316839487.html;Характеристики совпадают с ПТС;9 записей о регистрации;Не числится в розыске;Ограничений не обнаружено;Лобне;бензин, 3.0 л;231 л.с., налог;АКПП;4WD;;серебристый;277 470 км;левый;1 поколение;3.0i AT xDrive;;
BMW;3-Series;2002;800000;https://auto.drom.ru/spb/bmw/3-series/53938212.html;Характеристики совпадают с ПТС;4 записи о регистрации;Не числится в розыске;Ограничений не обнаружено;Санкт-Петербурге;бензин, 2.2 л;170 л.с., налог;механика;задний;седан;синий;448 500 км;левый;4 поколение, рестайлинг;320i MT;;
BMW;X5;2002;800000;https://auto.drom.ru/glushkovo/bmw/x5/53930267.html;Характеристики совпадают с ПТС;6 записей о регистрации;Не числится в розыске;Ограничений не обнаружено;Глушково;бензин, 3.0 л;231 л.с., налог;АКПП;4WD;;черный;555 555 км;левый;1 поколение;;;
BMW;5-Series;2002;599999;https://auto.drom.ru/moscow/bmw/5-series/53491565.html;Характеристики совпадают с ПТС;5 записей о регистрации;Не числится в розыске;Есть ограничения;Москве;дизель, 2.5 л;163 л.с., налог;АКПП;задний;седан;черный;480 000 км;левый;4 поколение, рестайлинг;525d AT;;
BMW;X5;2002;705000;https://auto.drom.ru/moscow/bmw/x5/528472400.html;Характеристики совпадают с ПТС;8 записей о регистрации;Не числится в розыске;Ограничений не обнаружено;Москве;бензин, 3.0 л;231 л.с., налог;АКПП;4WD;;синий;527 850 км;левый;1 поколение;3.0i AT xDrive;;
BMW;3-Series;2002;600000;https://auto.drom.ru/otradnoe/bmw/3-series/53569252.html;Характеристики совпадают с ПТС;10 записей о регистрации;Не числится в розыске;Ограничений не обнаружено;Отрадном;бензин, 2.0 л;143 л.с., налог;АКПП;задний;седан;серый;250 000 км;левый;4 поколение, рестайлинг;318i AT;;
BMW;5-Series;2002;570000;https://auto.drom.ru/ivanovo/bmw/5-series/610194880.html;Характеристики совпадают с ПТС;4 записи о регистрации;Не числится в розыске;Ограничений не обнаружено;Иваново;бензин, 3.0 л;231 л.с., налог;АКПП;задний;седан;бежевый;248 000 км;левый;4 поколение, рестайлинг;530i AT;;
BMW;7-Series;2002;620000;https://auto.drom.ru/podolsk/bmw/7-series/53557247.html;Характеристики совпадают с ПТС;9 записей о регистрации;Не числится в розыске;Ограничений не обнаружено;Подольске;бензин, 4.4 л;333 л.с., налог;АКПП;задний;;черный;250 000 км;левый;4 поколение;745Li AT;;
BMW;7-Series;2002;800000;https://auto.drom.ru/moscow/bmw/7-series/802431914.html;Характеристики совпадают с ПТС;6 записей о регистрации;Не числится в розыске;Ограничений не обнаружено;Москве;бензин, 4.4 л;333 л.с., налог;АКПП;задний;;черный;350 000 км;левый;4 поколение;745i AT;;
BMW;X5;2002;850000;https://auto.drom.ru/velikie-luki/bmw/x5/586417856.html;Характеристики совпадают с ПТС;5 записей о регистрации;Не числится в розыске;Ограничений не обнаружено;Великих Луках;бензин, 3.0 л;231 л.с., налог;АКПП;4WD;;черный;398 000 км;левый;1 поколение;3.0i AT xDrive;;
BMW;5-Series;2002;900000;https://auto.drom.ru/moscow/bmw/5-series/53901007.html;Характеристики совпадают с ПТС;6 записей о регистрации;Не числится в розыске;Ограничений не обнаружено;Москве;бензин, 2.2 л;170 л.с., налог;механика;задний;седан;черный;242 000 км;левый;4 поколение, рестайлинг;520i MT;;
BMW;3-Series;2002;1050000;https://auto.drom.ru/moscow/bmw/3-series/53107104.html;Характеристики совпадают с ПТС;6 записей о регистрации;Не числится в розыске;Ограничений не обнаружено;Москве;бензин, 2.2 л;170 л.с., налог;АКПП;задний;седан;серый;214 000 км;левый;4 поколение, рестайлинг;320i АT;;
BMW;X5;2002;1250000;https://auto.drom.ru/lyubertsy/bmw/x5/53104041.html;Характеристики совпадают с ПТС;9 записей о регистрации;Не числится в розыске;Ограничений не обнаружено;Люберцах;бензин, 3.0 л;225 л.с., налог;автомат;4WD;;черный;375 000 км;левый;1 поколение;;;
BMW;3-Series;2002;670000;https://auto.drom.ru/krasnogorsk/bmw/3-series/54152503.html;Характеристики совпадают с ПТС;;Не числится в розыске;Ограничений не обнаружено;Красногорске;бензин, 2.2 л;170 л.с., налог;АКПП;задний;седан;серебристый;313 000 км;левый;4 поколение, рестайлинг;320i AT;;
BMW;5-Series;2002;500000;https://auto.drom.ru/moscow/bmw/5-series/54152420.html;Год, объем двигателя, мощность двигателя не совпадают с ПТС;;Не числится в розыске;Ограничений не обнаружено;Москве;бензин, 2.2 л;170 л.с., налог;АКПП;задний;седан;черный;446 000 км;левый;4 поколение, рестайлинг;520i AT;;
BMW;X5;2003;600000;https://auto.drom.ru/roslavl/bmw/x5/780678123.html;;;;;Рославле;дизель, 2.9 л;184 л.с., налог;АКПП;4WD;;черный;300 000 км;левый;1 поколение;3.0d AT xDrive;документы с проблемами, рб учет без переоформления;
BMW;3-Series;2003;1100000;https://auto.drom.ru/moscow/bmw/3-series/911443397.html;Мощность двигателя не совпадает с ПТС;2 записи о регистрации;Не числится в розыске;Ограничений не обнаружено;Москве;дизель, 3.0 л;204 л.с., налог;АКПП;4WD;универсал;черный;412 000 км;левый;4 поколение, рестайлинг;330Xd AT;;
BMW;3-Series;2003;750000;https://auto.drom.ru/bryansk/bmw/3-series/53030005.html;Характеристики совпадают с ПТС;6 записей о регистрации;Не числится в розыске;Ограничений не обнаружено;Брянске;бензин, 2.0 л;143 л.с., налог;АКПП;задний;седан;черный;246 490 км;левый;4 поколение, рестайлинг;318i AT;;
BMW;5-Series;2003;610000;https://auto.drom.ru/ulyanovsk/bmw/5-series/228553715.html;Характеристики совпадают с ПТС;5 записей о регистрации;Не числится в розыске;Есть ограничения;Ульяновске;бензин, 3.0 л;231 л.с., налог;АКПП;задний;седан;черный;260 000 км;левый;5 поколение;;документы с проблемами, ограничение на регистрацию;
BMW;3-Series;2003;500000;https://auto.drom.ru/moscow/bmw/3-series/403544330.html;Характеристики совпадают с ПТС;6 записей о регистрации;Не числится в розыске;Ограничений не обнаружено;Москве;бензин, 1.8 л;116 л.с., налог;механика;задний;седан;черный;412 000 км;левый;4 поколение, рестайлинг;316i MT;;
BMW;5-Series;2003;850000;https://auto.drom.ru/moscow/bmw/5-series/53271027.html;Характеристики совпадают с ПТС;4 записи о регистрации;Не числится в розыске;Ограничений не обнаружено;Москве;бензин, 2.2 л;170 л.с., налог;АКПП;задний;седан;белый;229 000 км;левый;5 поколение;520i AT;;
BMW;5-Series;2003;899888;https://auto.drom.ru/nizhniy-novgorod/bmw/5-series/53811527.html;Характеристики совпадают с ПТС;9 записей о регистрации;Не числится в розыске;Ограничений не обнаружено;Нижнем Новгороде;бензин, 3.0 л;231 л.с., налог;АКПП;задний;седан;белый;422 000 км;левый;;;;
BMW;5-Series;2003;650000;https://auto.drom.ru/moscow/bmw/5-series/51713574.html;Характеристики совпадают с ПТС;7 записей о регистрации;Не числится в розыске;Ограничений не обнаружено;Москве;бензин, 2.5 л;192 л.с., налог;механика;задний;седан;черный;300 000 км;левый;5 поколение;525i MT;;
BMW;X5;2003;1150000;https://auto.drom.ru/moscow/bmw/x5/54074071.html;Характеристики совпадают с ПТС;6 записей о регистрации;Не числится в розыске;Ограничений не обнаружено;Москве;бензин, 4.4 л;286 л.с., налог;АКПП;4WD;;красный;278 000 км;левый;1 поколение;4.4i AT xDrive;;
BMW;7-Series;2003;620000;https://auto.drom.ru/ryazan/bmw/7-series/478326342.html;;;;;Рязани;бензин, 4.4 л;333 л.с., налог;АКПП;задний;;;;левый;4 поколение;;;
BMW;7-Series;2003;600000;https://auto.drom.ru/tver/bmw/7-series/533915195.html;Характеристики совпадают с ПТС;11 записей о регистрации;Не числится в розыске;Есть ограничения;Твери;бензин, 4.4 л;333 л.с., налог;АКПП;задний;;черный;356 852 км;левый;4 поколение;745i AT;;
BMW;5-Series;2003;1390000;https://auto.drom.ru/moscow/bmw/5-series/719905436.html;Характеристики совпадают с ПТС;7 записей о регистрации;Не числится в розыске;Ограничений не обнаружено;Москве;бензин, 2.5 л;192 л.с., налог;АКПП;задний;седан;серебристый;377 777 км;левый;5 поколение;525i AT;;
BMW;7-Series;2003;740000;https://auto.drom.ru/moscow/bmw/7-series/54051227.html;Характеристики совпадают с ПТС;4 записи о регистрации;Не числится в розыске;Ограничений не обнаружено;Москве;бензин, 3.0 л;231 л.с., налог;автомат;задний;;серебристый;350 000 км;левый;4 поколение;;;
BMW;7-Series;2003;919482;https://auto.drom.ru/minsk/bmw/7-series/53751645.html;;;;;Минске;дизель, 3.0 л;218 л.с., налог;АКПП;задний;;синий;376 836 км;левый;4 поколение;730d AT;;
BMW;5-Series;2003;1250000;https://auto.drom.ru/volgograd/bmw/5-series/52465580.html;Характеристики совпадают с ПТС;11 записей о регистрации;Не числится в розыске;Ограничений не обнаружено;Волгограде;бензин, 3.0 л;231 л.с., налог;АКПП;задний;седан;серый;287 000 км;левый;5 поколение;;;
BMW;3-Series;2003;549000;https://auto.drom.ru/pushkino/bmw/3-series/669595974.html;Характеристики совпадают с ПТС;6 записей о регистрации;Не числится в розыске;Ограничений не обнаружено;Пушкино;бензин, 2.0 л;143 л.с., налог;АКПП;задний;седан;зеленый;200 000 км;левый;4 поколение, рестайлинг;318i АT;;
BMW;X5;2003;720000;https://auto.drom.ru/efremov/bmw/x5/564183537.html;Характеристики совпадают с ПТС;9 записей о регистрации;Не числится в розыске;Ограничений не обнаружено;Ефремове;бензин, 4.4 л;286 л.с., налог;АКПП;4WD;;серебристый;182 000 км;левый;1 поколение;4.4i AT xDrive;;
BMW;X5;2003;980000;https://auto.drom.ru/saratov/bmw/x5/52893932.html;Характеристики совпадают с ПТС;7 записей о регистрации;Не числится в розыске;Ограничений не обнаружено;Саратове;бензин, 3.0 л, ГБО;231 л.с., налог;АКПП;4WD;;серебристый;240 000 км;левый;1 поколение;3.0i AT xDrive;;
BMW;X5;2003;870000;https://auto.drom.ru/tula/bmw/x5/52019443.html;Характеристики совпадают с ПТС;6 записей о регистрации;Не числится в розыске;Ограничений не обнаружено;Туле;бензин, 3.0 л;231 л.с., налог;АКПП;4WD;;черный;400 000 км;левый;1 поколение;3.0i AT xDrive;;
BMW;3-Series;2003;810000;https://auto.drom.ru/tula/bmw/3-series/475873097.html;;;;;Туле;бензин, 2.0 л;143 л.с., налог;АКПП;задний;седан;;;левый;4 поколение, рестайлинг;;;
BMW;X5;2003;950000;https://auto.drom.ru/penza/bmw/x5/54010515.html;Характеристики совпадают с ПТС;10 записей о регистрации;Не числится в розыске;Ограничений не обнаружено;Пензе;дизель, 2.9 л;184 л.с., налог;АКПП;4WD;;серебристый;402 000 км;левый;1 поколение;3.0d AT xDrive;;
BMW;X5;2003;765000;https://auto.drom.ru/moscow/bmw/x5/54003975.html;Характеристики совпадают с ПТС;9 записей о регистрации;Не числится в розыске;Ограничений не обнаружено;Москве;бензин, 3.0 л;231 л.с., налог;АКПП;4WD;;серый;200 000 км;левый;1 поколение;3.0i AT xDrive;;
BMW;7-Series;2003;470000;https://auto.drom.ru/spb/bmw/7-series/923223376.html;Характеристики совпадают с ПТС;10 записей о регистрации;Не числится в розыске;Ограничений не обнаружено;Санкт-Петербурге;бензин, 3.6 л;272 л.с., налог;АКПП;задний;;черный;306 000 км;левый;4 поколение;735i AT;;
BMW;5-Series;2003;750000;https://auto.drom.ru/cheboksary/bmw/5-series/603815078.html;Характеристики совпадают с ПТС;18 записей о регистрации;Не числится в розыске;Ограничений не обнаружено;Чебоксарах;бензин, 2.2 л;170 л.с., налог;АКПП;задний;седан;черный;320 000 км;левый;5 поколение;;;
BMW;3-Series;2003;550000;https://auto.drom.ru/moscow/bmw/3-series/716383486.html;Характеристики совпадают с ПТС;4 записи о регистрации;Не числится в розыске;Ограничений не обнаружено;Москве;бензин, 1.8 л;116 л.с., налог;механика;задний;купе;синий;280 000 км;левый;4 поколение, рестайлинг;;;
BMW;7-Series;2003;800000;https://auto.drom.ru/velikiy-novgorod/bmw/7-series/292806345.html;Характеристики совпадают с ПТС;6 записей о регистрации;Не числится в розыске;Ограничений не обнаружено;Великом Новгороде;дизель, 3.0 л;218 л.с., налог;АКПП;задний;;черный;507 000 км;левый;4 поколение;730d AT;;
BMW;X5;2003;1100000;https://auto.drom.ru/moscow/bmw/x5/780191514.html;Характеристики совпадают с ПТС;6 записей о регистрации;Не числится в розыске;Ограничений не обнаружено;Москве;бензин, 4.4 л;320 л.с., налог;АКПП;4WD;;черный;387 000 км;левый;1 поколение, рестайлинг;4.4i AT xDrive;;
BMW;7-Series;2003;3400000;https://auto.drom.ru/moscow/bmw/7-series/53254477.html;Характеристики совпадают с ПТС;2 записи о регистрации;Не числится в розыске;Ограничений не обнаружено;Москве;бензин, 6.0 л;445 л.с., налог;АКПП;задний;;черный;26 521 км;левый;4 поколение;760i AT;;
BMW;X5;2003;900000;https://auto.drom.ru/saratov/bmw/x5/53980198.html;Характеристики совпадают с ПТС;7 записей о регистрации;Не числится в розыске;Ограничений не обнаружено;Саратове;бензин, 4.4 л;286 л.с., налог;АКПП;4WD;;черный;410 000 км;левый;1 поколение;;;
BMW;X5;2003;859900;https://auto.drom.ru/nizhniy-novgorod/bmw/x5/53275609.html;Характеристики совпадают с ПТС;4 записи о регистрации;Не числится в розыске;Ограничений не обнаружено;Нижнем Новгороде;бензин, 3.0 л;231 л.с., налог;АКПП;4WD;;серый;338 000 км;левый;1 поколение;;;
BMW;X5;2003;1400000;https://auto.drom.ru/sergiev-posad/bmw/x5/53967899.html;Характеристики совпадают с ПТС;3 записи о регистрации;Не числится в розыске;Ограничений не обнаружено;Сергиевом Посаде;бензин, 3.0 л;231 л.с., налог;АКПП;4WD;;синий;185 000 км;левый;1 поколение;3.0i AT xDrive;;
BMW;X5;2003;810000;https://auto.drom.ru/voronezh/bmw/x5/219374723.html;Характеристики совпадают с ПТС;5 записей о регистрации;Не числится в розыске;Ограничений не обнаружено;Воронеже;бензин, 3.0 л;231 л.с., налог;АКПП;4WD;;черный;300 000 км;левый;1 поколение;;;
BMW;7-Series;2003;750000;https://auto.drom.ru/ulyanovsk/bmw/7-series/782932663.html;Характеристики совпадают с ПТС;9 записей о регистрации;Не числится в розыске;Ограничений не обнаружено;Ульяновске;бензин, 3.6 л;272 л.с., налог;АКПП;задний;;коричневый;360 000 км;левый;4 поколение;;;
BMW;7-Series;2003;750000;https://auto.drom.ru/belgorod/bmw/7-series/53628881.html;Характеристики совпадают с ПТС;6 записей о регистрации;Не числится в розыске;Ограничений не обнаружено;Белгороде;бензин, 4.4 л;333 л.с., налог;АКПП;задний;;черный;320 000 км;левый;4 поколение;745Li AT;;
BMW;3-Series;2003;1850000;https://auto.drom.ru/orel/bmw/3-series/51915066.html;Характеристики совпадают с ПТС;4 записи о регистрации;Не числится в розыске;Ограничений не обнаружено;Орле;бензин, 3.0 л;231 л.с., налог;АКПП;задний;купе;синий;280 000 км;левый;4 поколение, рестайлинг;330Ci AT;;
BMW;5-Series;2003;860000;https://auto.drom.ru/spb/bmw/5-series/52771039.html;Характеристики совпадают с ПТС;6 записей о регистрации;Не числится в розыске;Ограничений не обнаружено;Санкт-Петербурге;бензин, 2.2 л;170 л.с., налог;АКПП;задний;седан;серый;230 154 км;левый;5 поколение;520i AT;;
BMW;X5;2003;1200000;https://auto.drom.ru/spb/bmw/x5/45516833.html;Характеристики совпадают с ПТС;9 записей о регистрации;Не числится в розыске;Ограничений не обнаружено;Санкт-Петербурге;бензин, 3.0 л;231 л.с., налог;АКПП;4WD;;черный;300 000 км;левый;1 поколение, рестайлинг;3.0i AT xDrive;;
BMW;5-Series;2003;800000;https://auto.drom.ru/spb/bmw/5-series/54122845.html;;;;;Санкт-Петербурге;бензин, 2.5 л;177 л.с., налог;АКПП;задний;седан;;235 000 км;левый;5 поколение;523i AT;;
BMW;5-Series;2003;1580000;https://auto.drom.ru/kazan/bmw/5-series/53189783.html;Характеристики совпадают с ПТС;7 записей о регистрации;Не числится в розыске;Ограничений не обнаружено;Казани;дизель, 3.0 л;218 л.с., налог;механика;задний;седан;серый;321 000 км;левый;5 поколение;530d MT;;
BMW;3-Series;2003;900000;https://auto.drom.ru/talovaya/bmw/3-series/53185199.html;Характеристики совпадают с ПТС;1 запись о регистрации;Не числится в розыске;Ограничений не обнаружено;Таловой;бензин, 2.5 л;192 л.с., налог;АКПП;задний;седан;черный;500 375 км;левый;4 поколение, рестайлинг;;;
BMW;X5;2003;1200000;https://auto.drom.ru/kaluga/bmw/x5/576558705.html;Характеристики совпадают с ПТС;5 записей о регистрации;Не числится в розыске;Ограничений не обнаружено;Калуге;бензин, 3.0 л;231 л.с., налог;АКПП;4WD;;черный;247 650 км;левый;1 поколение, рестайлинг;3.0i AT xDrive;;
BMW;3-Series;2003;550000;https://auto.drom.ru/kukmor/bmw/3-series/53931121.html;Характеристики совпадают с ПТС;6 записей о регистрации;Не числится в розыске;Ограничений не обнаружено;Кукморе;бензин, 1.8 л;116 л.с., налог;механика;задний;седан;синий;250 000 км;левый;4 поколение, рестайлинг;316i MT;;
BMW;X5;2003;750000;https://auto.drom.ru/voronezh/bmw/x5/54054397.html;;;;;Воронеже;бензин, 3.0 л;231 л.с., налог;АКПП;4WD;;черный;;левый;1 поколение, рестайлинг;;;
BMW;7-Series;2003;1200000;https://auto.drom.ru/spb/bmw/7-series/53920836.html;Характеристики совпадают с ПТС;2 записи о регистрации;Не числится в розыске;Ограничений не обнаружено;Санкт-Петербурге;бензин, 6.0 л;445 л.с., налог;АКПП;задний;;синий;153 000 км;левый;4 поколение;760i AT;;
BMW;7-Series;2003;830000;https://auto.drom.ru/holm/bmw/7-series/53563292.html;Характеристики совпадают с ПТС;3 записи о регистрации;Не числится в розыске;Ограничений не обнаружено;Холме;дизель, 3.0 л;218 л.с., налог;АКПП;задний;;черный;320 000 км;левый;4 поколение;730d AT;;
